Word	X.period_P1	X.period_P2
connect	-34,3145	34,3145
propose	-32,0911	32,0911
vsl (variable speed limit)	-28,9165	28,9165
vehicle	-27,8136	27,8136
prediction	-25,7965	25,7965
energy	-24,7408	24,7408
bicycle	-22,7724	22,7724
autonomous	-22,3382	22,3382
smart	-21,7329	21,7329
electric	-21,4446	21,4446
deep	-21,0743	21,0743
consumption	-19,6034	19,6034
mobility	-19,055	19,055
mfd	-18,9587	18,9587
cooperative	-18,739	18,739
bike	-17,4675	17,4675
taxi	-17,3651	17,3651
improve	-16,8826	16,8826
trajectory	-16,1315	16,1315
congestion	-15,8301	15,8301
reduce	-15,2329	15,2329
cyber	-14,4851	14,4851
rout	-14,3046	14,3046
schedule	-14,3018	14,3018
impact	-14,1479	14,1479
park	-14,0476	14,0476
share	-13,798	13,798
drive	-13,5578	13,5578
rainfall	-13,5261	13,5261
big	-13,201	13,201
platoon	-12,9147	12,9147
strategy	-12,8352	12,8352
fatigue	-12,8127	12,8127
pedestrian	-12,645	12,645
segment	-12,6251	12,6251
challenge	-12,3804	12,3804
v2v	-12,2915	12,2915
base	-11,4544	11,4544
ev	-11,3461	11,3461
co2	-10,9939	10,9939
internet	-10,9681	10,9681
accuracy	-10,8707	10,8707
learn	-10,84	10,84
perimeter	-10,7782	10,7782
cloud	-10,6742	10,6742
fuel	-10,5989	10,5989
cavs	-10,4376	10,4376
safety	-10,2928	10,2928
charge	-10,0529	10,0529
framework	-9,9586	9,9586
stability	-9,9554	9,9554
cacc	-9,9143	9,9143
transport	-9,8437	9,8437
avs	-9,7985	9,7985
sensor	-9,7568	9,7568
uncertainty	-9,7129	9,7129
drop	-9,5857	9,5857
fundamental	-9,5162	9,5162
infrastructure	-9,4419	9,4419
selection	-9,3771	9,3771
cav	-9,3725	9,3725
wait	-9,3448	9,3448
optimization	-9,1584	9,1584
metric	-9,0116	9,0116
fire	-8,9979	8,9979
lattice	-8,9824	8,9824
dataset	-8,9655	8,9655
efficiency	-8,8688	8,8688
lstm	-8,7334	8,7334
evs	-8,7182	8,7182
datum	-8,5805	8,5805
temporal	-8,5502	8,5502
resilience	-8,5204	8,5204
centrality	-8,3196	8,3196
station	-8,1237	8,1237
ctm	-8,1179	8,1179
mkdv	-8,0894	8,0894
ship	-7,7974	7,7974
delivery	-7,7632	7,7632
electricity	-7,6839	7,6839
performance	-7,6733	7,6733
vanet	-7,6605	7,6605
consensus	-7,4746	7,4746
city	-7,417	7,417
world	-7,4116	7,4116
objective	-7,3031	7,3031
crosswalk	-7,2861	7,2861
bound	-7,2848	7,2848
balance	-7,2505	7,2505
forest	-7,1494	7,1494
rm	-7,1001	7,1001
scooter	-6,8976	6,8976
method	-6,706	6,706
risk	-6,4954	6,4954
betweenness	-6,4935	6,4935
road	-6,1844	6,1844
algorithm	-6,1207	6,1207
verify	-6,1171	6,1171
transmission	-6,1121	6,1121
datasets	-6,0966	6,0966
penetration	-6,0941	6,0941
v2i	-6,0906	6,0906
rear	-6,0899	6,0899
intelligent	-5,9989	5,9989
reliability	-5,9806	5,9806
cv	-5,9805	5,9805
utility	-5,9691	5,9691
spatial	-5,924	5,924
sustainability	-5,9236	5,9236
path	-5,9181	5,9181
privacy	-5,8897	5,8897
reinforcement	-5,8565	5,8565
navigation	-5,8442	5,8442
reroute	-5,8129	5,8129
multi	-5,7912	5,7912
sag	-5,7757	5,7757
tree	-5,7642	5,7642
predictive	-5,7628	5,7628
nfd	-5,7512	5,7512
collision	-5,69	5,69
experiment	-5,6788	5,6788
taxicab	-5,5382	5,5382
turbo	-5,5382	5,5382
mainstream	-5,5228	5,5228
completion	-5,4887	5,4887
multiple	-5,4311	5,4311
sparse	-5,4302	5,4302
dsrc	-5,4169	5,4169
unit	-5,3987	5,3987
lagrangian	-5,381	5,381
aware	-5,3271	5,3271
difference	-5,3271	5,3271
refuel	-5,3252	5,3252
scene	-5,291	5,291
technology	-5,2747	5,2747
analysis	-5,2667	5,2667
weather	-5,2502	5,2502
hole	-5,2476	5,2476
vissim	-5,2184	5,2184
fog	-5,1925	5,1925
rsus	-5,1122	5,1122
btex	-5,1122	5,1122
demand	-5,0677	5,0677
rationality	-5,0286	5,0286
help	-5,0251	5,0251
sumo	-5,0077	5,0077
increase	-4,9931	4,9931
knn	-4,9646	4,9646
postal	-4,8992	4,8992
bluetooth	-4,8855	4,8855
timid	-4,8855	4,8855
route	-4,8501	4,8501
short	-4,8196	4,8196
accurately	-4,813	4,813
expressway	-4,803	4,803
affect	-4,796	4,796
gridlock	-4,7602	4,7602
comfort	-4,7602	4,7602
significant	-4,7566	4,7566
traditional	-4,7562	4,7562
end	-4,7365	4,7365
memory	-4,71	4,71
attack	-4,7038	4,7038
modern	-4,701	4,701
ai	-4,6862	4,6862
rsu	-4,6862	4,6862
lc	-4,6862	4,6862
contextual	-4,6862	4,6862
gps	-4,6644	4,6644
travel	-4,6635	4,6635
factor	-4,658	4,658
pm2	-4,5755	4,5755
explore	-4,5158	4,5158
logit	-4,4889	4,4889
precipitation	-4,4737	4,4737
iot	-4,4732	4,4732
ltm	-4,4732	4,4732
graph	-4,4477	4,4477
spline	-4,3486	4,3486
mpc	-4,3375	4,3375
conduct	-4,3148	4,3148
subway	-4,2962	4,2962
tensor	-4,2962	4,2962
inspire	-4,2911	4,2911
indicator	-4,2833	4,2833
poincare	-4,2601	4,2601
subnetworks	-4,2601	4,2601
discipline	-4,2408	4,2408
frequency	-4,2367	4,2367
vanets	-4,2359	4,2359
province	-4,2243	4,2243
miss	-4,2142	4,2142
indian	-4,1206	4,1206
enhance	-4,0928	4,0928
ensemble	-4,0737	4,0737
future	-4,0715	4,0715
weight	-4,0535	4,0535
passenger	-4,0067	4,0067
specifically	-3,9377	3,9377
heavy	-3,9348	3,9348
distraction	-3,9219	3,9219
st	-3,917	3,917
seoul	-3,9028	3,9028
bpr	-3,9028	3,9028
visibility	-3,8944	3,8944
walk	-3,8944	3,8944
recovery	-3,8872	3,8872
service	-3,8758	3,8758
reveal	-3,8482	3,8482
capture	-3,8464	3,8464
utilize	-3,8403	3,8403
regression	-3,8393	3,8393
ttr	-3,8341	3,8341
mapreduce	-3,8341	3,8341
railcar	-3,8341	3,8341
swarm	-3,8232	3,8232
potential	-3,7917	3,7917
cyclist	-3,7861	3,7861
hz	-3,7332	3,7332
aggressive	-3,7098	3,7098
subnetwork	-3,7071	3,7071
binary	-3,7064	3,7064
multivariate	-3,7018	3,7018
significantly	-3,696	3,696
span	-3,6857	3,6857
urban	-3,685	3,685
match	-3,6847	3,6847
term	-3,6618	3,6618
te	-3,6464	3,6464
av	-3,6464	3,6464
active	-3,6208	3,6208
advisory	-3,6057	3,6057
uphill	-3,6057	3,6057
influence	-3,5994	3,5994
melbourne	-3,5504	3,5504
cost	-3,5446	3,5446
string	-3,4908	3,4908
allocation	-3,4848	3,4848
china	-3,482	3,482
achieve	-3,4779	3,4779
rail	-3,4759	3,4759
boost	-3,4737	3,4737
spatio	-3,4576	3,4576
ode	-3,441	3,441
pce	-3,441	3,441
safe	-3,411	3,411
outperform	-3,4102	3,4102
subsidy	-3,4081	3,4081
dbn	-3,4081	3,4081
creep	-3,4081	3,4081
gpr	-3,4081	3,4081
smartphone	-3,4081	3,4081
degree	-3,3709	3,3709
temporally	-3,3688	3,3688
injury	-3,3673	3,3673
hydrodynamic	-3,35	3,35
behavior	-3,3427	3,3427
aim	-3,3399	3,3399
protection	-3,3279	3,3279
pressure	-3,3197	3,3197
harmonization	-3,318	3,318
firstly	-3,2953	3,2953
zhang	-3,2791	3,2791
analytics	-3,2778	3,2778
proactive	-3,2743	3,2743
duration	-3,2612	3,2612
network	-3,2578	3,2578
regular	-3,2574	3,2574
optimisation	-3,2473	3,2473
compliance	-3,2415	3,2415
tke	-3,1951	3,1951
manifold	-3,1951	3,1951
rf	-3,1951	3,1951
bn	-3,1951	3,1951
cd	-3,1951	3,1951
mail	-3,1951	3,1951
tc	-3,1951	3,1951
skid	-3,1951	3,1951
strain	-3,1951	3,1951
fluency	-3,1951	3,1951
ppp	-3,1951	3,1951
smartphones	-3,1951	3,1951
vac	-3,1951	3,1951
guidance	-3,1937	3,1937
ts	-3,1883	3,1883
delhi	-3,1883	3,1883
heterogeneity	-3,1651	3,1651
historical	-3,1625	3,1625
correction	-3,1555	3,1555
countermeasure	-3,1478	3,1478
consideration	-3,1432	3,1432
battery	-3,1339	3,1339
webster	-3,1246	3,1246
australia	-3,1239	3,1239
hard	-3,1124	3,1124
queue	-3,0651	3,0651
contribute	-3,0496	3,0496
leverage	-3,0394	3,0394
quantify	-3,0354	3,0354
reliable	-3,0354	3,0354
shuttle	-2,9998	2,9998
collaborative	-2,9998	2,9998
ahead	-2,9997	2,9997
commute	-2,9977	2,9977
novice	-2,9821	2,9821
mvs	-2,9821	2,9821
utn	-2,9821	2,9821
ridership	-2,9821	2,9821
convolutional	-2,9821	2,9821
tse	-2,9821	2,9821
viscoelastic	-2,9821	2,9821
recommendation	-2,9782	2,9782
regulator	-2,9703	2,9703
india	-2,968	2,968
intermittent	-2,9636	2,9636
lateral	-2,9587	2,9587
percentage	-2,9563	2,9563
reversible	-2,9415	2,9415
increasingly	-2,9343	2,9343
fvdm	-2,9322	2,9322
tri	-2,9322	2,9322
fvd	-2,9322	2,9322
rider	-2,9322	2,9322
fan	-2,9322	2,9322
play	-2,911	2,911
complexity	-2,902	2,902
enlarge	-2,8976	2,8976
manoeuvre	-2,8976	2,8976
identify	-2,897	2,897
pcu	-2,8726	2,8726
flight	-2,8726	2,8726
study	-2,8333	2,8333
adjacent	-2,8288	2,8288
limit	-2,8259	2,8259
heteroscedasticity	-2,8183	2,8183
device	-2,8079	2,8079
inertia	-2,7969	2,7969
perceptron	-2,7965	2,7965
roughness	-2,7965	2,7965
efficient	-2,7884	2,7884
horizon	-2,7756	2,7756
severe	-2,7756	2,7756
push	-2,7691	2,7691
ab	-2,7691	2,7691
repeatability	-2,7691	2,7691
uav	-2,7691	2,7691
hvs	-2,7691	2,7691
flc	-2,7691	2,7691
notably	-2,7691	2,7691
czech	-2,7691	2,7691
bilateral	-2,7691	2,7691
piezoelectric	-2,7691	2,7691
hadoop	-2,7691	2,7691
ridge	-2,7691	2,7691
harmful	-2,7691	2,7691
prevision	-2,7691	2,7691
var	-2,7691	2,7691
load	-2,7684	2,7684
price	-2,746	2,746
legacy	-2,7409	2,7409
commuter	-2,7261	2,7261
mode	-2,7106	2,7106
dissipation	-2,7081	2,7081
multimodal	-2,6981	2,6981
green	-2,689	2,689
fd	-2,6775	2,6775
negative	-2,6768	2,6768
analyze	-2,6754	2,6754
gm	-2,6681	2,6681
rainy	-2,6547	2,6547
distract	-2,6547	2,6547
cognitive	-2,64	2,64
choice	-2,6367	2,6367
aco	-2,6311	2,6311
waterway	-2,6249	2,6249
linear	-2,6219	2,6219
constraint	-2,5921	2,5921
keep	-2,5854	2,5854
3d	-2,5842	2,5842
crowd	-2,5826	2,5826
sideswipe	-2,5656	2,5656
machine	-2,5648	2,5648
regularize	-2,5561	2,5561
dnn	-2,5561	2,5561
tasep	-2,5561	2,5561
ebls	-2,5561	2,5561
i2v	-2,5561	2,5561
plos	-2,5561	2,5561
fds	-2,5561	2,5561
library	-2,5561	2,5561
vdf	-2,5561	2,5561
raff	-2,5561	2,5561
tolerant	-2,5561	2,5561
elm	-2,5561	2,5561
vtl	-2,5561	2,5561
cfc	-2,5561	2,5561
11p	-2,5561	2,5561
ferry	-2,5506	2,5506
diverge	-2,5283	2,5283
volatility	-2,5037	2,5037
spatiotemporal	-2,5017	2,5017
lack	-2,4996	2,4996
cf	-2,4849	2,4849
externality	-2,4822	2,4822
helpful	-2,482	2,482
stca	-2,4799	2,4799
chennai	-2,4799	2,4799
vietnam	-2,4799	2,4799
carpool	-2,4799	2,4799
attract	-2,4725	2,4725
context	-2,4699	2,4699
bimodal	-2,4675	2,4675
nanjing	-2,4675	2,4675
tourism	-2,4675	2,4675
tax	-2,4675	2,4675
scenario	-2,4629	2,4629
strategic	-2,4293	2,4293
overtake	-2,4255	2,4255
adas	-2,4245	2,4245
composite	-2,4245	2,4245
multiscale	-2,4136	2,4136
interference	-2,4	2,4
effectively	-2,3821	2,3821
adaptive	-2,381	2,381
virtual	-2,3779	2,3779
belief	-2,3732	2,3732
ride	-2,3646	2,3646
exist	-2,3629	2,3629
electrification	-2,3616	2,3616
shenzhen	-2,3616	2,3616
mitigate	-2,3578	2,3578
robust	-2,355	2,355
rapid	-2,3548	2,3548
calibration	-2,3514	2,3514
marginal	-2,3499	2,3499
prospect	-2,3476	2,3476
surround	-2,3469	2,3469
force	-2,3458	2,3458
ib	-2,3431	2,3431
tsunami	-2,3431	2,3431
scat	-2,3431	2,3431
cvs	-2,3431	2,3431
intellectual	-2,3431	2,3431
autoencoders	-2,3431	2,3431
compliant	-2,3431	2,3431
cacmac	-2,3431	2,3431
gsom	-2,3431	2,3431
porous	-2,3431	2,3431
cognition	-2,3431	2,3431
electromechanical	-2,3431	2,3431
algebra	-2,3431	2,3431
itlc	-2,3431	2,3431
evaluate	-2,3413	2,3413
eco	-2,3177	2,3177
alinea	-2,3177	2,3177
mix	-2,3153	2,3153
stack	-2,3068	2,3068
mape	-2,3068	2,3068
collaboration	-2,3068	2,3068
resilient	-2,3057	2,3057
tram	-2,3057	2,3057
timetable	-2,3057	2,3057
settlement	-2,3057	2,3057
opening	-2,3057	2,3057
conflict	-2,2942	2,2942
outcome	-2,2923	2,2923
decrease	-2,2854	2,2854
hierarchy	-2,2844	2,2844
practitioner	-2,2844	2,2844
pre	-2,2746	2,2746
highlight	-2,2672	2,2672
light	-2,2647	2,2647
absolute	-2,2571	2,2571
establish	-2,2415	2,2415
coordination	-2,229	2,229
phantom	-2,2288	2,2288
fractional	-2,2288	2,2288
map	-2,2177	2,2177
thing	-2,2149	2,2149
advice	-2,2149	2,2149
tune	-2,2055	2,2055
uncertain	-2,1989	2,1989
web	-2,1878	2,1878
edge	-2,1842	2,1842
addition	-2,1836	2,1836
maximize	-2,175	2,175
pagerank	-2,1741	2,1741
bureau	-2,1741	2,1741
vacant	-2,1741	2,1741
edition	-2,1741	2,1741
harmonize	-2,1741	2,1741
regularization	-2,1741	2,1741
address	-2,1736	2,1736
avoidance	-2,1714	2,1714
vulnerability	-2,1505	2,1505
interpolation	-2,1485	2,1485
cascade	-2,1485	2,1485
fill	-2,1485	2,1485
attitude	-2,1461	2,1461
environment	-2,1388	2,1388
fusion	-2,1374	2,1374
percolation	-2,1356	2,1356
strait	-2,1356	2,1356
mountain	-2,1356	2,1356
evcss	-2,1301	2,1301
fox	-2,1301	2,1301
fpga	-2,1301	2,1301
dragonfly	-2,1301	2,1301
offload	-2,1301	2,1301
tt	-2,1301	2,1301
pickup	-2,1301	2,1301
illegal	-2,1301	2,1301
jad	-2,1301	2,1301
multistep	-2,1301	2,1301
peer	-2,1301	2,1301
regret	-2,1301	2,1301
yard	-2,1301	2,1301
import	-2,1301	2,1301
spoonbill	-2,1301	2,1301
consciousness	-2,1301	2,1301
ha	-2,1301	2,1301
brts	-2,1301	2,1301
vfd	-2,1301	2,1301
mill	-2,1301	2,1301
mismatch	-2,1301	2,1301
afd	-2,1301	2,1301
laterally	-2,1301	2,1301
gothenburg	-2,1301	2,1301
nonadditive	-2,1301	2,1301
cnn	-2,1301	2,1301
clique	-2,1301	2,1301
alertness	-2,1301	2,1301
multicriteria	-2,1301	2,1301
tamper	-2,1301	2,1301
blip	-2,1301	2,1301
ho	-2,1301	2,1301
unsigned	-2,1301	2,1301
speed	-2,1203	2,1203
prone	-2,1188	2,1188
depict	-2,1154	2,1154
equipment	-2,1007	2,1007
accumulation	-2,1007	2,1007
finally	-2,0987	2,0987
financial	-2,0866	2,0866
asce	-2,0866	2,0866
gp	-2,0844	2,0844
carriageway	-2,07	2,07
minimize	-2,069	2,069
outlier	-2,0485	2,0485
design	-2,0343	2,0343
bml	-2,0323	2,0323
fail	-2,0167	2,0167
prominent	-2,0137	2,0137
communication	-2,0001	2,0001
participant	-1,9934	1,9934
full	-1,9897	1,9897
curb	-1,9896	1,9896
proposal	-1,9896	1,9896
perspective	-1,9892	1,9892
jerk	-1,9881	1,9881
mae	-1,9881	1,9881
tdm	-1,9881	1,9881
openstreetmap	-1,9881	1,9881
piece	-1,9881	1,9881
serviceability	-1,9881	1,9881
impedance	-1,9881	1,9881
ubiquitous	-1,9881	1,9881
naturalistic	-1,9881	1,9881
equip	-1,9867	1,9867
gate	-1,9843	1,9843
insight	-1,98	1,98
potentially	-1,9766	1,9766
promote	-1,9766	1,9766
deployment	-1,9687	1,9687
veh	-1,9666	1,9666
dissipate	-1,9666	1,9666
pdes	-1,9666	1,9666
milp	-1,9666	1,9666
hdv	-1,9666	1,9666
aforementioned	-1,9666	1,9666
residential	-1,9642	1,9642
reflect	-1,9625	1,9625
exogenous	-1,9542	1,9542
attention	-1,9385	1,9385
logistic	-1,9306	1,9306
classic	-1,9247	1,9247
scalable	-1,9095	1,9095
infer	-1,9	1,9
improvement	-1,8867	1,8867
door	-1,8854	1,8854
cordon	-1,8854	1,8854
steel	-1,8854	1,8854
integrity	-1,8854	1,8854
danger	-1,8854	1,8854
gasoline	-1,8854	1,8854
malaysia	-1,8854	1,8854
smoothness	-1,8854	1,8854
instability	-1,8825	1,8825
impute	-1,8814	1,8814
doi	-1,8814	1,8814
calibrate	-1,8814	1,8814
hotspots	-1,8814	1,8814
season	-1,8814	1,8814
kernel	-1,8773	1,8773
usage	-1,8752	1,8752
experimental	-1,8569	1,8569
conclusion	-1,8472	1,8472
imputation	-1,8348	1,8348
anticipatory	-1,8337	1,8337
autocorrelation	-1,83	1,83
bind	-1,8245	1,8245
atfm	-1,8093	1,8093
overload	-1,8093	1,8093
mutual	-1,8093	1,8093
granularity	-1,8039	1,8039
reversal	-1,8039	1,8039
fade	-1,8039	1,8039
footprint	-1,8039	1,8039
mobile	-1,8036	1,8036
nonetheless	-1,7998	1,7998
faulty	-1,7998	1,7998
twin	-1,7998	1,7998
attenuation	-1,7998	1,7998
associate	-1,7998	1,7998
art	-1,7967	1,7967
gather	-1,7936	1,7936
anticipation	-1,7925	1,7925
recover	-1,7891	1,7891
resource	-1,767	1,767
provide	-1,7654	1,7654
observability	-1,756	1,756
sight	-1,756	1,756
accurate	-1,7537	1,7537
threat	-1,7515	1,7515
unbalance	-1,7515	1,7515
middle	-1,7492	1,7492
reference	-1,7485	1,7485
sustainable	-1,7463	1,7463
delay	-1,743	1,743
elimination	-1,7416	1,7416
transferability	-1,7416	1,7416
scalability	-1,7416	1,7416
synthesis	-1,7416	1,7416
vessel	-1,7292	1,7292
check	-1,7247	1,7247
adverse	-1,7158	1,7158
comparative	-1,7155	1,7155
hold	-1,7133	1,7133
country	-1,7117	1,7117
angle	-1,7117	1,7117
age	-1,7112	1,7112
stabilize	-1,7112	1,7112
vehicular	-1,7076	1,7076
antikink	-1,7073	1,7073
social	-1,7025	1,7025
integer	-1,6946	1,6946
huge	-1,6894	1,6894
external	-1,6884	1,6884
open	-1,6868	1,6868
search	-1,6849	1,6849
driver	-1,684	1,684
secure	-1,6814	1,6814
consumer	-1,6814	1,6814
sink	-1,6814	1,6814
worker	-1,6746	1,6746
ar	-1,6746	1,6746
mlp	-1,6746	1,6746
meta	-1,6746	1,6746
texture	-1,6746	1,6746
compete	-1,671	1,671
flood	-1,671	1,671
injection	-1,671	1,671
happen	-1,671	1,671
sensitivity	-1,6617	1,6617
feature	-1,6531	1,6531
game	-1,652	1,652
role	-1,6439	1,6439
east	-1,6428	1,6428
freight	-1,6409	1,6409
optimise	-1,6356	1,6356
hazmat	-1,6356	1,6356
ml	-1,6356	1,6356
arrival	-1,6332	1,6332
slot	-1,6242	1,6242
roadwork	-1,6242	1,6242
pervasive	-1,6217	1,6217
laser	-1,6217	1,6217
crack	-1,6217	1,6217
minibus	-1,6217	1,6217
plc	-1,6217	1,6217
kriging	-1,6217	1,6217
prague	-1,6217	1,6217
warm	-1,6217	1,6217
bag	-1,6217	1,6217
abandon	-1,6217	1,6217
bio	-1,6217	1,6217
google	-1,6217	1,6217
taguchi	-1,6217	1,6217
agricultural	-1,6217	1,6217
colombia	-1,6217	1,6217
powertrain	-1,6217	1,6217
achievement	-1,6217	1,6217
redistribute	-1,6217	1,6217
suppress	-1,6213	1,6213
protocol	-1,6147	1,6147
majority	-1,6019	1,6019
redistribution	-1,6006	1,6006
weaken	-1,6006	1,6006
underground	-1,6006	1,6006
ptws	-1,6006	1,6006
nest	-1,6006	1,6006
state	-1,5944	1,5944
wireless	-1,588	1,588
urbanization	-1,5856	1,5856
mechanism	-1,5783	1,5783
feedback	-1,572	1,572
physical	-1,5704	1,5704
emergency	-1,5671	1,5671
shockwave	-1,5665	1,5665
black	-1,5665	1,5665
correlation	-1,5647	1,5647
significance	-1,5607	1,5607
actuate	-1,5593	1,5593
style	-1,5593	1,5593
deploy	-1,557	1,557
nash	-1,5555	1,5555
quantification	-1,5555	1,5555
surrogate	-1,55	1,55
flexibility	-1,55	1,55
hamilton	-1,55	1,55
maximization	-1,5454	1,5454
insufficient	-1,5426	1,5426
alignment	-1,5426	1,5426
gnss	-1,5426	1,5426
midblock	-1,5426	1,5426
landslide	-1,532	1,532
republic	-1,532	1,532
mcmc	-1,532	1,532
adaptively	-1,532	1,532
cause	-1,5285	1,5285
validate	-1,5282	1,5282
literature	-1,5271	1,5271
crash	-1,5252	1,5252
baseline	-1,5135	1,5135
gaussian	-1,5041	1,5041
bi	-1,5008	1,5008
complement	-1,4997	1,4997
ultimately	-1,4997	1,4997
rmse	-1,4997	1,4997
panel	-1,4989	1,4989
connection	-1,4971	1,4971
los	-1,4915	1,4915
credit	-1,4876	1,4876
accept	-1,4775	1,4775
amount	-1,4753	1,4753
scarce	-1,4743	1,4743
weekly	-1,4743	1,4743
parameterized	-1,4743	1,4743
experimentation	-1,4743	1,4743
mega	-1,4743	1,4743
orthogonal	-1,4743	1,4743
assess	-1,4736	1,4736
depth	-1,4723	1,4723
leader	-1,47	1,47
v2x	-1,4674	1,4674
warn	-1,4628	1,4628
deflection	-1,4626	1,4626
greedy	-1,4626	1,4626
mod	-1,4626	1,4626
compare	-1,4574	1,4574
departure	-1,4547	1,4547
estimation	-1,4516	1,4516
rate	-1,445	1,445
adopt	-1,443	1,443
td	-1,4419	1,4419
deeply	-1,4419	1,4419
unman	-1,4419	1,4419
montreal	-1,4419	1,4419
customize	-1,4419	1,4419
solitary	-1,4419	1,4419
absorption	-1,4419	1,4419
overlook	-1,4419	1,4419
advise	-1,4419	1,4419
environmental	-1,4298	1,4298
preference	-1,4264	1,4264
wheel	-1,4238	1,4238
horizontal	-1,4238	1,4238
recurrent	-1,4185	1,4185
stationary	-1,4148	1,4148
latent	-1,4137	1,4137
populate	-1,4137	1,4137
exploit	-1,4109	1,4109
garch	-1,4093	1,4093
resistance	-1,4093	1,4093
private	-1,4085	1,4085
profile	-1,4038	1,4038
decade	-1,4029	1,4029
coordinate	-1,4022	1,4022
facility	-1,3918	1,3918
novelty	-1,3858	1,3858
emd	-1,3858	1,3858
inefficiency	-1,3858	1,3858
iteratively	-1,3858	1,3858
effect	-1,3851	1,3851
effective	-1,3844	1,3844
db	-1,3843	1,3843
scientific	-1,3803	1,3803
refer	-1,3794	1,3794
iv	-1,3783	1,3783
brt	-1,3783	1,3783
reductive	-1,3783	1,3783
acoustic	-1,3779	1,3779
kink	-1,3778	1,3778
perturbation	-1,377	1,377
indices	-1,3768	1,3768
pso	-1,3768	1,3768
auto	-1,3768	1,3768
understand	-1,3736	1,3736
trend	-1,3669	1,3669
traveller	-1,3572	1,3572
wise	-1,3522	1,3522
metro	-1,3522	1,3522
finding	-1,3348	1,3348
vulnerable	-1,3328	1,3328
uncontrolled	-1,3328	1,3328
aerial	-1,3328	1,3328
weibull	-1,3278	1,3278
farm	-1,3278	1,3278
morphology	-1,3278	1,3278
tandem	-1,3278	1,3278
downhill	-1,3278	1,3278
extreme	-1,3241	1,3241
failure	-1,3221	1,3221
gradually	-1,3184	1,3184
low	-1,3169	1,3169
chassis	-1,3162	1,3162
ineffective	-1,3162	1,3162
ec	-1,3162	1,3162
inevitable	-1,3162	1,3162
downward	-1,3162	1,3162
permissible	-1,3162	1,3162
convenience	-1,3162	1,3162
geospatial	-1,3162	1,3162
hv	-1,3162	1,3162
prioritization	-1,3162	1,3162
3rd	-1,3162	1,3162
cctv	-1,3162	1,3162
china_s	-1,3162	1,3162
prioritize	-1,3162	1,3162
software	-1,314	1,314
intelligence	-1,3138	1,3138
dissemination	-1,3079	1,3079
anomaly	-1,3079	1,3079
offset	-1,3042	1,3042
frequent	-1,3034	1,3034
peak	-1,3006	1,3006
grey	-1,3004	1,3004
radio	-1,3004	1,3004
signalised	-1,3004	1,3004
optimize	-1,2976	1,2976
diagram	-1,2954	1,2954
paradox	-1,2953	1,2953
workload	-1,2953	1,2953
efficiently	-1,2952	1,2952
domain	-1,2948	1,2948
residual	-1,2933	1,2933
classifier	-1,2921	1,2921
leg	-1,2906	1,2906
segmentation	-1,2904	1,2904
attraction	-1,2881	1,2881
generalise	-1,2881	1,2881
behavioral	-1,2834	1,2834
save	-1,2834	1,2834
cooperation	-1,2816	1,2816
comprehensive	-1,2767	1,2767
setting	-1,2767	1,2767
discharge	-1,2767	1,2767
motorize	-1,2664	1,2664
saint	-1,2649	1,2649
hbs	-1,2649	1,2649
wire	-1,2649	1,2649
audit	-1,2649	1,2649
malicious	-1,2649	1,2649
repetitive	-1,2649	1,2649
attractiveness	-1,2649	1,2649
conformity	-1,2649	1,2649
ion	-1,2649	1,2649
enumeration	-1,2649	1,2649
unclear	-1,2649	1,2649
redesign	-1,2649	1,2649
reconstruction	-1,2639	1,2639
hazardous	-1,26	1,26
income	-1,26	1,26
annual	-1,2591	1,2591
security	-1,2586	1,2586
beijing	-1,2558	1,2558
error	-1,254	1,254
parsimonious	-1,2431	1,2431
audio	-1,2431	1,2431
contamination	-1,2431	1,2431
selfish	-1,2431	1,2431
implement	-1,2338	1,2338
scatter	-1,2324	1,2324
recommend	-1,232	1,232
principle	-1,2288	1,2288
spillover	-1,2258	1,2258
evacuee	-1,2258	1,2258
entire	-1,2165	1,2165
placement	-1,2162	1,2162
candidate	-1,2162	1,2162
accident	-1,216	1,216
bypass	-1,2158	1,2158
revenue	-1,2158	1,2158
overcome	-1,2156	1,2156
jacobi	-1,2119	1,2119
weigh	-1,2082	1,2082
important	-1,2058	1,2058
valuable	-1,2053	1,2053
unknown	-1,2053	1,2053
relax	-1,205	1,205
radius	-1,205	1,205
abnormal	-1,205	1,205
centralize	-1,2029	1,2029
execute	-1,2029	1,2029
bay	-1,2024	1,2024
stand	-1,2024	1,2024
length	-1,1984	1,1984
alert	-1,1967	1,1967
copula	-1,1967	1,1967
nominal	-1,1967	1,1967
flyover	-1,1967	1,1967
foreground	-1,1967	1,1967
multinomial	-1,1967	1,1967
gear	-1,1967	1,1967
register	-1,1967	1,1967
real	-1,183	1,183
korteweg	-1,1817	1,1817
platform	-1,176	1,176
vries	-1,1739	1,1739
positive	-1,171	1,171
secondary	-1,171	1,171
minimization	-1,1662	1,1662
bottom	-1,1659	1,1659
unable	-1,1659	1,1659
chi	-1,1659	1,1659
uniquely	-1,1659	1,1659
benefit	-1,1643	1,1643
cps	-1,1617	1,1617
witness	-1,1617	1,1617
impair	-1,1617	1,1617
edie	-1,1617	1,1617
tourist	-1,1617	1,1617
exert	-1,1617	1,1617
float	-1,1459	1,1459
mtfc	-1,1451	1,1451
regulatory	-1,1451	1,1451
compression	-1,1451	1,1451
discrepancy	-1,1451	1,1451
rely	-1,1397	1,1397
lead	-1,1388	1,1388
heterogeneous	-1,1383	1,1383
alleviate	-1,1381	1,1381
probe	-1,1374	1,1374
quantitatively	-1,1327	1,1327
rank	-1,1327	1,1327
latency	-1,1311	1,1311
polynomial	-1,1311	1,1311
inventory	-1,1311	1,1311
parameter	-1,1298	1,1298
input	-1,1298	1,1298
sense	-1,1282	1,1282
index	-1,1248	1,1248
transportation	-1,1247	1,1247
rich	-1,1219	1,1219
ptw	-1,1219	1,1219
observation	-1,1204	1,1204
border	-1,1185	1,1185
decision	-1,116	1,116
previously	-1,1158	1,1158
obvious	-1,1153	1,1153
capacity	-1,1153	1,1153
ilc	-1,1133	1,1133
slide	-1,1124	1,1124
neighbor	-1,1117	1,1117
commonly	-1,1083	1,1083
homogenization	-1,1042	1,1042
pick	-1,1042	1,1042
remedy	-1,1042	1,1042
inclement	-1,1042	1,1042
atmosphere	-1,1042	1,1042
magnetic	-1,1042	1,1042
horn	-1,1042	1,1042
snowy	-1,1042	1,1042
footbridge	-1,1042	1,1042
practicality	-1,1042	1,1042
speedup	-1,1042	1,1042
merit	-1,1042	1,1042
discriminant	-1,1042	1,1042
solid	-1,1042	1,1042
envision	-1,1042	1,1042
throttle	-1,1042	1,1042
series	-1,101	1,101
dispatch	-1,0957	1,0957
computation	-1,0956	1,0956
policy	-1,0929	1,0929
wheeler	-1,0873	1,0873
temperature	-1,0858	1,0858
day	-1,085	1,085
perception	-1,0847	1,0847
relieve	-1,071	1,071
retrieve	-1,0694	1,0694
neighbourhood	-1,0694	1,0694
replication	-1,0694	1,0694
fe	-1,0694	1,0694
remarkably	-1,0694	1,0694
distribute	-1,0683	1,0683
applicability	-1,0637	1,0637
innovative	-1,0562	1,0562
crossing	-1,0562	1,0562
collect	-1,0562	1,0562
robustness	-1,0527	1,0527
root	-1,0488	1,0488
railroad	-1,0475	1,0475
naive	-1,0475	1,0475
alter	-1,0475	1,0475
change	-1,0462	1,0462
cruise	-1,0447	1,0447
iii	-1,0422	1,0422
identification	-1,0398	1,0398
toll	-1,0369	1,0369
waste	-1,0362	1,0362
aimsun	-1,0362	1,0362
frequently	-1,0345	1,0345
idm	-1,0339	1,0339
window	-1,0308	1,0308
predefined	-1,0257	1,0257
correctness	-1,0257	1,0257
circulate	-1,0257	1,0257
grain	-1,0257	1,0257
functional	-1,0246	1,0246
categorize	-1,0227	1,0227
budget	-1,0214	1,0214
supervise	-1,0214	1,0214
creation	-1,0214	1,0214
west	-1,0199	1,0199
auxiliary	-1,0199	1,0199
similarity	-1,019	1,019
dependency	-1,0177	1,0177
availability	-1,0133	1,0133
rl	-1,0114	1,0114
mlc	-1,0114	1,0114
indonesia	-1,0114	1,0114
equivalency	-1,0114	1,0114
fi	-1,0114	1,0114
dust	-1,0114	1,0114
cubic	-1,0114	1,0114
suburb	-1,0114	1,0114
densely	-1,0114	1,0114
arz	-1,0114	1,0114
coverage	-1,0083	1,0083
inform	-1,0083	1,0083
employ	-1,0031	1,0031
partition	-1,0028	1,0028
verification	-0,9991	0,9991
timely	-0,9991	0,9991
consecutive	-0,9991	0,9991
high	-0,9943	0,9943
average	-0,9935	0,9935
condition	-0,9933	0,9933
analytic	-0,9922	0,9922
late	-0,9901	0,9901
demonstrate	-0,9871	0,9871
hoc	-0,9846	0,9846
market	-0,9842	0,9842
semantic	-0,9697	0,9697
driverless	-0,9697	0,9697
margin	-0,9697	0,9697
host	-0,9697	0,9697
interdependency	-0,9697	0,9697
netlogo	-0,9697	0,9697
violate	-0,9697	0,9697
pd	-0,9697	0,9697
mount	-0,9697	0,9697
absence	-0,9644	0,9644
integral	-0,9644	0,9644
task	-0,963	0,963
violation	-0,9565	0,9565
receive	-0,9498	0,9498
enable	-0,9489	0,9489
guangzhou	-0,9463	0,9463
default	-0,9463	0,9463
empty	-0,9463	0,9463
burden	-0,9463	0,9463
tradable	-0,9463	0,9463
hr	-0,9463	0,9463
trig	-0,9463	0,9463
decomposition	-0,9413	0,9413
hcm	-0,94	0,94
linearly	-0,936	0,936
male	-0,9332	0,9332
java	-0,9332	0,9332
unload	-0,9332	0,9332
economical	-0,9332	0,9332
extrapolation	-0,9332	0,9332
penalty	-0,9332	0,9332
shockwaves	-0,9268	0,9268
derivative	-0,9268	0,9268
habitat	-0,9268	0,9268
inclusion	-0,9268	0,9268
chapter	-0,9268	0,9268
score	-0,9265	0,9265
norm	-0,9265	0,9265
singular	-0,9265	0,9265
render	-0,9265	0,9265
algebraic	-0,9265	0,9265
unsupervised	-0,9265	0,9265
unpredictable	-0,9265	0,9265
additive	-0,9265	0,9265
long	-0,9255	0,9255
inaccurate	-0,9243	0,9243
ieee	-0,9239	0,9239
multiobjective	-0,9239	0,9239
intra	-0,9239	0,9239
gain	-0,9227	0,9227
disaster	-0,9188	0,9188
dedicate	-0,9168	0,9168
visual	-0,9116	0,9116
emerge	-0,9116	0,9116
million	-0,909	0,909
last	-0,9075	0,9075
motivate	-0,9075	0,9075
great	-0,902	0,902
proven	-0,899	0,899
ngsim	-0,8961	0,8961
expand	-0,8961	0,8961
additionally	-0,8934	0,8934
oversaturated	-0,8934	0,8934
predict	-0,89	0,89
satisfaction	-0,8891	0,8891
unify	-0,8891	0,8891
concrete	-0,8848	0,8848
filter	-0,8848	0,8848
scalar	-0,8848	0,8848
manage	-0,8802	0,8802
accommodate	-0,8734	0,8734
water	-0,8734	0,8734
spillback	-0,8701	0,8701
poor	-0,8698	0,8698
seek	-0,8698	0,8698
switch	-0,8669	0,8669
america	-0,8658	0,8658
jin	-0,8658	0,8658
uncover	-0,8658	0,8658
progressive	-0,8658	0,8658
nearside	-0,8658	0,8658
nonlane	-0,8658	0,8658
municipal	-0,8658	0,8658
rescale	-0,8658	0,8658
transaction	-0,8658	0,8658
swap	-0,8658	0,8658
characterised	-0,8658	0,8658
imperative	-0,8658	0,8658
thessaloniki	-0,8658	0,8658
eye	-0,8658	0,8658
occupant	-0,8658	0,8658
usability	-0,8658	0,8658
purely	-0,8658	0,8658
remain	-0,8625	0,8625
neighbour	-0,8611	0,8611
axle	-0,8611	0,8611
metanet	-0,8606	0,8606
widely	-0,8592	0,8592
width	-0,8557	0,8557
public	-0,8489	0,8489
mechanical	-0,8445	0,8445
elastic	-0,8445	0,8445
exchange	-0,8431	0,8431
sport	-0,84	0,84
triangle	-0,84	0,84
iterate	-0,84	0,84
stakeholder	-0,84	0,84
hotspot	-0,84	0,84
matsim	-0,84	0,84
prohibit	-0,84	0,84
independence	-0,84	0,84
vegetation	-0,84	0,84
sea	-0,8372	0,8372
contrary	-0,8372	0,8372
combination	-0,8345	0,8345
ivc	-0,8309	0,8309
irregular	-0,8309	0,8309
itss	-0,8309	0,8309
vision	-0,8308	0,8308
euclidean	-0,8279	0,8279
clearance	-0,8279	0,8279
vt	-0,8279	0,8279
contain	-0,8279	0,8279
overflow	-0,8279	0,8279
unnecessary	-0,8279	0,8279
deadlock	-0,8279	0,8279
activate	-0,8279	0,8279
specialize	-0,8279	0,8279
bicyclist	-0,8279	0,8279
trap	-0,8279	0,8279
transverse	-0,8261	0,8261
reward	-0,8261	0,8261
ttc	-0,8233	0,8233
truth	-0,8233	0,8233
ci	-0,8233	0,8233
tdgl	-0,8233	0,8233
official	-0,8233	0,8233
francisco	-0,8233	0,8233
viscosity	-0,8233	0,8233
lasso	-0,8233	0,8233
eu	-0,8233	0,8233
disseminate	-0,8233	0,8233
wim	-0,8233	0,8233
mathematically	-0,8233	0,8233
traveler	-0,8215	0,8215
weave	-0,8171	0,8171
history	-0,8166	0,8166
total	-0,8152	0,8152
build	-0,8146	0,8146
select	-0,8145	0,8145
friction	-0,8114	0,8114
essential	-0,8098	0,8098
commodity	-0,8093	0,8093
large	-0,8067	0,8067
likelihood	-0,8055	0,8055
cell	-0,8053	0,8053
camera	-0,8026	0,8026
fit	-0,7994	0,7994
management	-0,7994	0,7994
successful	-0,7989	0,7989
begin	-0,797	0,797
rapidly	-0,797	0,797
reach	-0,7955	0,7955
scope	-0,7941	0,7941
conservative	-0,7941	0,7941
predictability	-0,7941	0,7941
extensive	-0,7935	0,7935
ad	-0,7884	0,7884
importance	-0,7852	0,7852
shoulder	-0,7846	0,7846
slowdown	-0,7831	0,7831
sector	-0,7808	0,7808
automate	-0,774	0,774
criterion	-0,7722	0,7722
istanbul	-0,7722	0,7722
proper	-0,7688	0,7688
bus	-0,7663	0,7663
box	-0,7615	0,7615
bayesian	-0,7607	0,7607
nowadays	-0,7605	0,7605
automation	-0,7564	0,7564
assist	-0,754	0,754
airport	-0,7532	0,7532
shanghai	-0,7532	0,7532
de	-0,7527	0,7527
adjustment	-0,7527	0,7527
maneuver	-0,7524	0,7524
abstract	-0,7513	0,7513
motivation	-0,7513	0,7513
safely	-0,7513	0,7513
reasonable	-0,7511	0,7511
raise	-0,7475	0,7475
simply	-0,7468	0,7468
need	-0,7458	0,7458
greenhouse	-0,7415	0,7415
seismic	-0,7415	0,7415
western	-0,7415	0,7415
drawback	-0,7415	0,7415
percentile	-0,7415	0,7415
target	-0,7383	0,7383
theoretical	-0,7372	0,7372
electronic	-0,7343	0,7343
person	-0,7339	0,7339
markov	-0,7339	0,7339
urgent	-0,7324	0,7324
electrical	-0,7324	0,7324
vast	-0,7324	0,7324
random	-0,7291	0,7291
variability	-0,7286	0,7286
universally	-0,7258	0,7258
serbia	-0,7258	0,7258
amplify	-0,7258	0,7258
haul	-0,7258	0,7258
infeasible	-0,7258	0,7258
truncate	-0,7258	0,7258
ghg	-0,7258	0,7258
promotion	-0,7258	0,7258
seasonality	-0,7258	0,7258
takagi	-0,7258	0,7258
tremendous	-0,7258	0,7258
radical	-0,7258	0,7258
threaten	-0,7258	0,7258
upward	-0,7258	0,7258
underestimation	-0,7258	0,7258
arma	-0,7258	0,7258
template	-0,7258	0,7258
transitional	-0,7258	0,7258
maneuverability	-0,7258	0,7258
administrative	-0,7258	0,7258
ahp	-0,7258	0,7258
resort	-0,7258	0,7258
risky	-0,7258	0,7258
pv	-0,7258	0,7258
displacement	-0,7245	0,7245
eventually	-0,7245	0,7245
technological	-0,7245	0,7245
component	-0,7237	0,7237
mainline	-0,723	0,723
diverse	-0,721	0,721
message	-0,7189	0,7189
copyright	-0,7186	0,7186
regularity	-0,7182	0,7182
jet	-0,7182	0,7182
pems	-0,7182	0,7182
thirdly	-0,7182	0,7182
environmentally	-0,7182	0,7182
corroborate	-0,7182	0,7182
optimised	-0,7182	0,7182
comprehensively	-0,7182	0,7182
mild	-0,7182	0,7182
roughly	-0,7182	0,7182
ufp	-0,7182	0,7182
metropolis	-0,7182	0,7182
strike	-0,7158	0,7158
crown	-0,7158	0,7158
prompt	-0,7158	0,7158
microscopically	-0,7158	0,7158
disability	-0,7158	0,7158
centric	-0,7158	0,7158
conjecture	-0,7158	0,7158
proportionality	-0,7158	0,7158
onramp	-0,7158	0,7158
notable	-0,7158	0,7158
versatile	-0,7158	0,7158
distinctive	-0,7158	0,7158
prerequisite	-0,7158	0,7158
carrier	-0,7158	0,7158
roll	-0,7153	0,7153
propagation	-0,7151	0,7151
suspension	-0,7147	0,7147
stimulate	-0,7147	0,7147
multilevel	-0,7147	0,7147
worsen	-0,7147	0,7147
lastly	-0,7147	0,7147
inherently	-0,7147	0,7147
deterioration	-0,7083	0,7083
aadt	-0,7083	0,7083
excessive	-0,7083	0,7083
arima	-0,7032	0,7032
beneficial	-0,7018	0,7018
solver	-0,7018	0,7018
add	-0,701	0,701
colony	-0,7006	0,7006
deliver	-0,6953	0,6953
allocate	-0,6953	0,6953
river	-0,6953	0,6953
triangular	-0,6938	0,6938
seasonal	-0,6933	0,6933
bottleneck	-0,6886	0,6886
release	-0,688	0,688
topological	-0,6871	0,6871
frame	-0,6871	0,6871
climate	-0,6822	0,6822
utilise	-0,6799	0,6799
dilemma	-0,6799	0,6799
key	-0,6794	0,6794
handle	-0,6774	0,6774
godunov	-0,6741	0,6741
uncongested	-0,6733	0,6733
decentralize	-0,6721	0,6721
tms	-0,6692	0,6692
raw	-0,6692	0,6692
suffer	-0,6658	0,6658
position	-0,6622	0,6622
research	-0,6616	0,6616
spot	-0,6591	0,6591
universal	-0,6561	0,6561
chart	-0,6561	0,6561
fairness	-0,6561	0,6561
utilization	-0,6535	0,6535
variational	-0,6531	0,6531
parametric	-0,6482	0,6482
interactive	-0,6482	0,6482
stage	-0,6468	0,6468
occupy	-0,6455	0,6455
precede	-0,6445	0,6445
confirm	-0,6433	0,6433
degrade	-0,6432	0,6432
rfid	-0,6432	0,6432
pareto	-0,6432	0,6432
inefficient	-0,6432	0,6432
adoption	-0,6432	0,6432
adjust	-0,6423	0,6423
land	-0,6423	0,6423
maker	-0,6396	0,6396
hour	-0,6381	0,6381
process	-0,6377	0,6377
appropriately	-0,6368	0,6368
meaningful	-0,6368	0,6368
tackle	-0,6368	0,6368
differentiate	-0,6368	0,6368
passage	-0,6368	0,6368
matrix	-0,6365	0,6365
perform	-0,6357	0,6357
event	-0,6356	0,6356
topic	-0,6343	0,6343
evolutionary	-0,6327	0,6327
synchronization	-0,6309	0,6309
awareness	-0,6308	0,6308
fault	-0,6308	0,6308
braess	-0,6305	0,6305
influential	-0,6305	0,6305
practically	-0,6305	0,6305
counterpart	-0,6305	0,6305
fulfil	-0,6305	0,6305
booth	-0,6305	0,6305
contact	-0,6305	0,6305
emulate	-0,6305	0,6305
affine	-0,6305	0,6305
july	-0,6305	0,6305
meet	-0,6251	0,6251
acceleration	-0,6242	0,6242
fine	-0,623	0,623
integrate	-0,6228	0,6228
overhead	-0,6219	0,6219
return	-0,6219	0,6219
usa	-0,6219	0,6219
hypercongestion	-0,6183	0,6183
sidewalk	-0,6183	0,6183
wsn	-0,6183	0,6183
female	-0,6183	0,6183
preserve	-0,6163	0,6163
statistically	-0,6163	0,6163
signalize	-0,6144	0,6144
buffer	-0,612	0,612
category	-0,6108	0,6108
negatively	-0,6071	0,6071
perfectly	-0,6071	0,6071
rescue	-0,6071	0,6071
backward	-0,6057	0,6057
incorporate	-0,6044	0,6044
south	-0,6014	0,6014
neglect	-0,6006	0,6006
discover	-0,6006	0,6006
choose	-0,6	0,6
vms	-0,5979	0,5979
biham	-0,5977	0,5977
middleton	-0,5977	0,5977
initialize	-0,5977	0,5977
el	-0,5977	0,5977
monotonicity	-0,5977	0,5977
bulk	-0,5977	0,5977
mn	-0,5977	0,5977
ready	-0,5977	0,5977
foresee	-0,5977	0,5977
im	-0,5977	0,5977
invariance	-0,5977	0,5977
levine	-0,5977	0,5977
dea	-0,5977	0,5977
lamp	-0,5977	0,5977
insert	-0,5977	0,5977
prevalent	-0,5977	0,5977
cultural	-0,5977	0,5977
intuitively	-0,5977	0,5977
instal	-0,5944	0,5944
response	-0,5944	0,5944
angeles	-0,5911	0,5911
fully	-0,5888	0,5888
massive	-0,5863	0,5863
fall	-0,5863	0,5863
multiagent	-0,5863	0,5863
yellow	-0,5849	0,5849
travelling	-0,5849	0,5849
channel	-0,5841	0,5841
aspect	-0,581	0,581
researcher	-0,5785	0,5785
unstable	-0,5776	0,5776
newly	-0,5763	0,5763
methodology	-0,5751	0,5751
girder	-0,5751	0,5751
divide	-0,5737	0,5737
leave	-0,5702	0,5702
request	-0,5688	0,5688
ov	-0,5688	0,5688
removal	-0,5688	0,5688
sophisticate	-0,5688	0,5688
matlab	-0,5687	0,5687
plan	-0,5671	0,5671
crucial	-0,5662	0,5662
facilitate	-0,5656	0,5656
subsequently	-0,564	0,564
action	-0,5622	0,5622
dense	-0,5602	0,5602
effectiveness	-0,5598	0,5598
hybrid	-0,5597	0,5597
revisit	-0,5587	0,5587
sustain	-0,5587	0,5587
white	-0,5587	0,5587
owe	-0,5587	0,5587
generate	-0,5552	0,5552
fleet	-0,5535	0,5535
prevention	-0,5522	0,5522
intersection	-0,5489	0,5489
cumulative	-0,5463	0,5463
disruption	-0,5463	0,5463
break	-0,5456	0,5456
motion	-0,5456	0,5456
sound	-0,545	0,545
start	-0,5434	0,5434
eastern	-0,5417	0,5417
client	-0,5417	0,5417
relational	-0,5417	0,5417
tube	-0,5417	0,5417
inappropriate	-0,5417	0,5417
ordinary	-0,5394	0,5394
obstacle	-0,5394	0,5394
ue	-0,5385	0,5385
receiver	-0,5385	0,5385
temporary	-0,5385	0,5385
accessibility	-0,5385	0,5385
compute	-0,5352	0,5352
vsls	-0,5351	0,5351
interior	-0,5351	0,5351
numerous	-0,5351	0,5351
plaza	-0,5351	0,5351
trace	-0,5323	0,5323
stretch	-0,5315	0,5315
young	-0,5241	0,5241
ekf	-0,5241	0,5241
tabu	-0,5241	0,5241
inject	-0,5241	0,5241
problematic	-0,5241	0,5241
monotone	-0,5241	0,5241
determinant	-0,5241	0,5241
slope	-0,5229	0,5229
discretized	-0,5217	0,5217
transmit	-0,5217	0,5217
government	-0,5204	0,5204
tend	-0,5204	0,5204
truck	-0,5197	0,5197
fatal	-0,5173	0,5173
compensation	-0,5173	0,5173
microwave	-0,5173	0,5173
anfis	-0,5173	0,5173
maritime	-0,5173	0,5173
joint	-0,5161	0,5161
ease	-0,5136	0,5136
computational	-0,5119	0,5119
optimal	-0,511	0,511
rational	-0,5085	0,5085
except	-0,5085	0,5085
motorcycle	-0,5084	0,5084
distance	-0,5062	0,5062
underline	-0,5057	0,5057
wuhan	-0,5057	0,5057
era	-0,5057	0,5057
pearson	-0,5057	0,5057
shrink	-0,5057	0,5057
fare	-0,5057	0,5057
mac	-0,5057	0,5057
autonomy	-0,5057	0,5057
personnel	-0,5057	0,5057
enforce	-0,5057	0,5057
toxic	-0,5057	0,5057
preprocessing	-0,5057	0,5057
lower	-0,5057	0,5057
hierarchical	-0,5055	0,5055
ignore	-0,5044	0,5044
goodness	-0,5044	0,5044
offer	-0,5037	0,5037
commercial	-0,5033	0,5033
purpose	-0,5028	0,5028
variant	-0,5026	0,5026
calculus	-0,4987	0,4987
roundabout	-0,4987	0,4987
elementary	-0,4987	0,4987
geometrical	-0,4987	0,4987
cyclic	-0,4987	0,4987
responsible	-0,4969	0,4969
rain	-0,4925	0,4925
accomplish	-0,4925	0,4925
industrial	-0,4925	0,4925
pose	-0,4885	0,4885
impose	-0,4885	0,4885
life	-0,4878	0,4878
unreliable	-0,4865	0,4865
belt	-0,4865	0,4865
prune	-0,4865	0,4865
marquardt	-0,4865	0,4865
arena	-0,4865	0,4865
fc	-0,4865	0,4865
utah	-0,4865	0,4865
diagnosis	-0,4865	0,4865
levenberg	-0,4865	0,4865
discriminate	-0,4865	0,4865
forbid	-0,4865	0,4865
ventilate	-0,4865	0,4865
dijkstra	-0,4865	0,4865
nns	-0,4865	0,4865
organisation	-0,4865	0,4865
tailor	-0,4865	0,4865
disaggregation	-0,4865	0,4865
salient	-0,4865	0,4865
interrelate	-0,4865	0,4865
recursive	-0,4864	0,4864
inspection	-0,4864	0,4864
band	-0,4864	0,4864
island	-0,4864	0,4864
beam	-0,4864	0,4864
proof	-0,4864	0,4864
reality	-0,481	0,481
longitudinal	-0,4809	0,4809
asphalt	-0,4797	0,4797
localization	-0,4792	0,4792
inaccuracy	-0,4792	0,4792
drift	-0,4792	0,4792
aggressiveness	-0,4792	0,4792
comparatively	-0,4792	0,4792
actuator	-0,4792	0,4792
storage	-0,4762	0,4762
author	-0,4754	0,4754
unsignalized	-0,4741	0,4741
mesoscopic	-0,4687	0,4687
worldwide	-0,4676	0,4676
jointly	-0,4676	0,4676
comfortable	-0,4676	0,4676
degradation	-0,462	0,462
observer	-0,4595	0,4595
curvature	-0,4594	0,4594
international	-0,4585	0,4585
canada	-0,4585	0,4585
constantly	-0,4584	0,4584
engage	-0,4584	0,4584
cr	-0,4584	0,4584
read	-0,4584	0,4584
mathematics	-0,4584	0,4584
formal	-0,4584	0,4584
locality	-0,4584	0,4584
linearize	-0,4584	0,4584
ongoing	-0,4584	0,4584
citizen	-0,4584	0,4584
trust	-0,4584	0,4584
feasibility	-0,4528	0,4528
signal	-0,4481	0,4481
dry	-0,4479	0,4479
fatality	-0,4479	0,4479
autoregressive	-0,4468	0,4468
port	-0,4467	0,4467
pi	-0,4467	0,4467
bridge	-0,4452	0,4452
inequality	-0,4447	0,4447
option	-0,4447	0,4447
society	-0,4436	0,4436
subjective	-0,4436	0,4436
deteriorate	-0,4436	0,4436
paradigm	-0,4432	0,4432
fcd	-0,4422	0,4422
mechanic	-0,4421	0,4421
extra	-0,4421	0,4421
accordance	-0,4421	0,4421
body	-0,4421	0,4421
group	-0,4384	0,4384
community	-0,4367	0,4367
calculate	-0,4361	0,4361
multidimensional	-0,436	0,436
involvement	-0,436	0,436
deformation	-0,436	0,436
admit	-0,436	0,436
chicago	-0,436	0,436
normal	-0,4355	0,4355
trade	-0,435	0,435
supply	-0,4336	0,4336
additional	-0,4335	0,4335
aircraft	-0,4323	0,4323
prevail	-0,4323	0,4323
automobile	-0,4323	0,4323
cut	-0,4297	0,4297
internal	-0,4297	0,4297
reduction	-0,4275	0,4275
causal	-0,4271	0,4271
la	-0,4271	0,4271
damp	-0,4271	0,4271
setup	-0,4271	0,4271
contemporary	-0,4271	0,4271
query	-0,4271	0,4271
examination	-0,4271	0,4271
economy	-0,4256	0,4256
respond	-0,4255	0,4255
regressive	-0,4244	0,4244
gipps	-0,4244	0,4244
symmetric	-0,4244	0,4244
physically	-0,4244	0,4244
extensively	-0,4243	0,4243
theoretic	-0,4243	0,4243
administration	-0,4243	0,4243
interaction	-0,4218	0,4218
principal	-0,421	0,421
time	-0,4202	0,4202
agency	-0,418	0,418
variable	-0,4169	0,4169
en	-0,4144	0,4144
common	-0,4133	0,4133
situation	-0,4122	0,4122
review	-0,4119	0,4119
uncoordinated	-0,4113	0,4113
submit	-0,4113	0,4113
redundant	-0,4113	0,4113
reassignment	-0,4113	0,4113
trailer	-0,4113	0,4113
favorable	-0,4113	0,4113
defective	-0,4113	0,4113
disaggregated	-0,4113	0,4113
analogous	-0,4113	0,4113
compile	-0,4113	0,4113
interestingly	-0,4113	0,4113
substitute	-0,4113	0,4113
irrespective	-0,4113	0,4113
feel	-0,4113	0,4113
connectivity	-0,4112	0,4112
mention	-0,4112	0,4112
manager	-0,4108	0,4108
easy	-0,41	0,41
fractal	-0,4083	0,4083
predictable	-0,405	0,405
spanish	-0,405	0,405
slip	-0,405	0,405
snowfall	-0,405	0,405
lognormal	-0,405	0,405
overlap	-0,405	0,405
asian	-0,405	0,405
observational	-0,405	0,405
exploration	-0,405	0,405
strict	-0,405	0,405
smooth	-0,4041	0,4041
limitation	-0,4031	0,4031
bifurcation	-0,4029	0,4029
recognize	-0,4015	0,4015
static	-0,401	0,401
interval	-0,401	0,401
prevent	-0,4009	0,4009
point	-0,4002	0,4002
underlie	-0,3989	0,3989
status	-0,3989	0,3989
hov	-0,3988	0,3988
empirically	-0,3988	0,3988
determination	-0,3975	0,3975
sufficient	-0,3965	0,3965
aggregate	-0,3949	0,3949
prefer	-0,3947	0,3947
log	-0,3947	0,3947
possibility	-0,3902	0,3902
restriction	-0,3886	0,3886
superiority	-0,3867	0,3867
tail	-0,3867	0,3867
chance	-0,3867	0,3867
protect	-0,3867	0,3867
competition	-0,3867	0,3867
inference	-0,3841	0,3841
respect	-0,3835	0,3835
inevitably	-0,3833	0,3833
cyclical	-0,3833	0,3833
patch	-0,3833	0,3833
recurrence	-0,3833	0,3833
salt	-0,3833	0,3833
standardize	-0,3833	0,3833
critically	-0,3833	0,3833
bv	-0,3833	0,3833
vd	-0,3833	0,3833
stagger	-0,3833	0,3833
envelope	-0,3833	0,3833
nonlocal	-0,3833	0,3833
evenly	-0,3833	0,3833
minimise	-0,3833	0,3833
histogram	-0,3833	0,3833
preparation	-0,3833	0,3833
vds	-0,3833	0,3833
controllable	-0,3833	0,3833
adjoin	-0,3833	0,3833
multivehicle	-0,3833	0,3833
channelization	-0,3833	0,3833
lump	-0,3833	0,3833
respondent	-0,3833	0,3833
np	-0,3833	0,3833
pf	-0,3833	0,3833
concurrently	-0,3833	0,3833
msa	-0,3833	0,3833
hmm	-0,3833	0,3833
elaborate	-0,3832	0,3832
aviation	-0,3832	0,3832
compromise	-0,3832	0,3832
greece	-0,3832	0,3832
nearby	-0,3829	0,3829
synthetic	-0,3829	0,3829
phone	-0,3826	0,3826
homogeneity	-0,381	0,381
bank	-0,381	0,381
freedom	-0,381	0,381
gmm	-0,381	0,381
solar	-0,381	0,381
undersaturated	-0,381	0,381
differentiation	-0,381	0,381
sort	-0,381	0,381
enhancement	-0,3777	0,3777
expose	-0,3777	0,3777
vertical	-0,3747	0,3747
power	-0,3734	0,3734
breakdown	-0,3725	0,3725
properly	-0,3725	0,3725
fuse	-0,3723	0,3723
disadvantage	-0,3723	0,3723
installation	-0,3723	0,3723
due	-0,3718	0,3718
ensure	-0,3714	0,3714
correlate	-0,3707	0,3707
pass	-0,3671	0,3671
bilevel	-0,3666	0,3666
color	-0,3666	0,3666
unique	-0,3636	0,3636
correct	-0,3611	0,3611
originally	-0,3607	0,3607
signature	-0,3607	0,3607
mexico	-0,3607	0,3607
periodicity	-0,3607	0,3607
detour	-0,3607	0,3607
syntax	-0,3607	0,3607
korea	-0,3607	0,3607
permanent	-0,3607	0,3607
amplitude	-0,3603	0,3603
bidirectional	-0,3569	0,3569
sum	-0,3569	0,3569
italy	-0,3549	0,3549
endogenous	-0,3546	0,3546
operative	-0,3546	0,3546
trivial	-0,3546	0,3546
aeq	-0,3546	0,3546
lca	-0,3546	0,3546
pertain	-0,3546	0,3546
autonomously	-0,3546	0,3546
maryland	-0,3546	0,3546
dictate	-0,3546	0,3546
necessity	-0,3534	0,3534
classical	-0,3527	0,3527
goal	-0,351	0,351
prototype	-0,35	0,35
powerful	-0,35	0,35
topology	-0,3483	0,3483
randomly	-0,3483	0,3483
inductive	-0,3483	0,3483
complete	-0,3478	0,3478
hide	-0,3474	0,3474
dnl	-0,3456	0,3456
runway	-0,3456	0,3456
carefully	-0,3456	0,3456
basically	-0,3456	0,3456
train	-0,3443	0,3443
subject	-0,3439	0,3439
upstream	-0,3438	0,3438
household	-0,3424	0,3424
trigger	-0,3424	0,3424
formulation	-0,3392	0,3392
specially	-0,3364	0,3364
overestimate	-0,3364	0,3364
eq	-0,3364	0,3364
fcm	-0,3364	0,3364
van	-0,3364	0,3364
guarantee	-0,3363	0,3363
evolution	-0,3359	0,3359
prove	-0,3343	0,3343
industry	-0,333	0,333
red	-0,3293	0,3293
article	-0,3286	0,3286
simultaneously	-0,3281	0,3281
shift	-0,3268	0,3268
remove	-0,3259	0,3259
sioux	-0,3246	0,3246
enrich	-0,3246	0,3246
duality	-0,3246	0,3246
fictitious	-0,3246	0,3246
situate	-0,3246	0,3246
tight	-0,3246	0,3246
interconnection	-0,3246	0,3246
steep	-0,3246	0,3246
korean	-0,3246	0,3246
multiplicative	-0,3246	0,3246
imbalance	-0,3246	0,3246
peculiarity	-0,3246	0,3246
commission	-0,3246	0,3246
homogenize	-0,3246	0,3246
convey	-0,3246	0,3246
appraisal	-0,3246	0,3246
comprehension	-0,3246	0,3246
indispensable	-0,3246	0,3246
extrapolate	-0,3246	0,3246
anisotropy	-0,3246	0,3246
press	-0,3246	0,3246
stable	-0,324	0,324
screen	-0,3238	0,3238
em	-0,3238	0,3238
metal	-0,3238	0,3238
unobserved	-0,3233	0,3233
sue	-0,3233	0,3233
technical	-0,3227	0,3227
wave	-0,3208	0,3208
alternate	-0,3176	0,3176
priority	-0,3167	0,3167
previous	-0,3154	0,3154
bring	-0,3147	0,3147
equity	-0,3131	0,3131
compact	-0,3131	0,3131
realization	-0,3131	0,3131
normalize	-0,3131	0,3131
justify	-0,3131	0,3131
fourth	-0,3131	0,3131
near	-0,3128	0,3128
fix	-0,3127	0,3127
predictor	-0,3127	0,3127
reaction	-0,3122	0,3122
reconstruct	-0,3111	0,3111
number	-0,3105	0,3105
similarly	-0,31	0,31
enormous	-0,31	0,31
stepwise	-0,31	0,31
suppression	-0,31	0,31
diffusive	-0,31	0,31
factorization	-0,31	0,31
anns	-0,31	0,31
few	-0,3095	0,3095
stress	-0,3082	0,3082
strongly	-0,308	0,308
communicate	-0,3052	0,3052
establishment	-0,3046	0,3046
spain	-0,3046	0,3046
quick	-0,3046	0,3046
initially	-0,3046	0,3046
standard	-0,3041	0,3041
avoid	-0,3023	0,3023
benchmark	-0,3018	0,3018
side	-0,3013	0,3013
humidity	-0,2995	0,2995
tehran	-0,2995	0,2995
intermodal	-0,2995	0,2995
slight	-0,2995	0,2995
pure	-0,2995	0,2995
century	-0,2995	0,2995
incentive	-0,2995	0,2995
discovery	-0,2995	0,2995
accumulate	-0,2995	0,2995
tactical	-0,2995	0,2995
remote	-0,2975	0,2975
clarify	-0,2975	0,2975
spectral	-0,296	0,296
space	-0,2951	0,2951
gradient	-0,2947	0,2947
realize	-0,2941	0,2941
heuristic	-0,2922	0,2922
evaluation	-0,2918	0,2918
picture	-0,2914	0,2914
intention	-0,2913	0,2913
location	-0,2891	0,2891
highly	-0,2891	0,2891
distinguish	-0,286	0,286
precise	-0,286	0,286
come	-0,286	0,286
maintenance	-0,2847	0,2847
greatly	-0,2822	0,2822
periodic	-0,2818	0,2818
grid	-0,2818	0,2818
circumstance	-0,2808	0,2808
virtually	-0,2805	0,2805
fifteen	-0,2805	0,2805
credibility	-0,2805	0,2805
interfere	-0,2805	0,2805
alternatively	-0,2805	0,2805
coast	-0,2805	0,2805
eigenvalues	-0,2805	0,2805
fourier	-0,2805	0,2805
hospital	-0,2805	0,2805
forage	-0,2805	0,2805
kingdom	-0,2805	0,2805
faa	-0,2805	0,2805
reformulate	-0,2805	0,2805
plate	-0,2789	0,2789
dominant	-0,2789	0,2789
hc	-0,2789	0,2789
hazard	-0,2787	0,2787
largely	-0,2763	0,2763
holt	-0,2739	0,2739
deviate	-0,2739	0,2739
anticipative	-0,2739	0,2739
gravitational	-0,2739	0,2739
ds	-0,2739	0,2739
emit	-0,2739	0,2739
compensate	-0,2739	0,2739
popularity	-0,2739	0,2739
claim	-0,2739	0,2739
strengthen	-0,2739	0,2739
license	-0,2739	0,2739
rare	-0,2739	0,2739
department	-0,2737	0,2737
substantially	-0,2694	0,2694
team	-0,2684	0,2684
macro	-0,2681	0,2681
cover	-0,2681	0,2681
subsystem	-0,2653	0,2653
revise	-0,2638	0,2638
visualize	-0,2638	0,2638
duty	-0,2615	0,2615
extremely	-0,2597	0,2597
discretionary	-0,2597	0,2597
student	-0,256	0,256
projection	-0,2526	0,2526
theoretically	-0,2526	0,2526
synchronisation	-0,2466	0,2466
birth	-0,2466	0,2466
travelled	-0,2466	0,2466
rickshaw	-0,2466	0,2466
navigate	-0,2466	0,2466
crossover	-0,2466	0,2466
adversely	-0,2466	0,2466
payload	-0,2466	0,2466
correspondingly	-0,2466	0,2466
dramatic	-0,2466	0,2466
stochastically	-0,2466	0,2466
subcritical	-0,2466	0,2466
smoothly	-0,2466	0,2466
paris	-0,2466	0,2466
advent	-0,2466	0,2466
inability	-0,2466	0,2466
publicly	-0,2466	0,2466
caltrans	-0,2466	0,2466
teach	-0,2466	0,2466
wnn	-0,2466	0,2466
holiday	-0,2466	0,2466
ascertain	-0,2466	0,2466
reliably	-0,2457	0,2457
spring	-0,2457	0,2457
cu	-0,2457	0,2457
garage	-0,2457	0,2457
bc	-0,2457	0,2457
supplement	-0,2457	0,2457
analyst	-0,2457	0,2457
territory	-0,2457	0,2457
zn	-0,2457	0,2457
weakness	-0,2457	0,2457
realtime	-0,2457	0,2457
summary	-0,2457	0,2457
lesson	-0,2457	0,2457
asymmetry	-0,2457	0,2457
drastically	-0,2457	0,2457
mar	-0,2457	0,2457
relay	-0,244	0,244
cm	-0,244	0,244
synthesize	-0,244	0,244
augment	-0,244	0,244
illustrative	-0,2419	0,2419
arrangement	-0,2419	0,2419
trunk	-0,2419	0,2419
intercity	-0,2419	0,2419
psychological	-0,2398	0,2398
inconsistent	-0,2142	0,2142
analog	-0,2142	0,2142
euro	-0,2142	0,2142
insensitive	-0,2142	0,2142
so2	-0,2142	0,2142
sugeno	-0,2142	0,2142
diagnose	-0,2142	0,2142
renewal	-0,2142	0,2142
bear	-0,2142	0,2142
mg	-0,2142	0,2142
spite	-0,2142	0,2142
asynchronous	-0,2142	0,2142
improper	-0,2142	0,2142
twofold	-0,2142	0,2142
postulate	0,2319	-0,2319
luminance	0,2319	-0,2319
attenuate	0,2319	-0,2319
thirty	0,2319	-0,2319
dd	0,2319	-0,2319
tsp	0,2319	-0,2319
cart	0,2319	-0,2319
twelve	0,2319	-0,2319
cem	0,2319	-0,2319
grant	0,2319	-0,2319
riyadh	0,2319	-0,2319
id	0,2319	-0,2319
modality	0,2319	-0,2319
bin	0,2319	-0,2319
motorcyclist	0,2319	-0,2319
ultimate	0,2319	-0,2319
interrelationship	0,2319	-0,2319
predominantly	0,2319	-0,2319
suboptimal	0,2319	-0,2319
legal	0,2319	-0,2319
idealize	0,2319	-0,2319
irregularity	0,2319	-0,2319
speciation	0,2319	-0,2319
imitative	0,2319	-0,2319
headlight	0,2319	-0,2319
conversely	0,2319	-0,2319
ndp	0,2319	-0,2319
squeeze	0,2319	-0,2319
antwerp	0,2335	-0,2335
reservation	0,2335	-0,2335
pronounce	0,2335	-0,2335
asymptotically	0,2335	-0,2335
subtraction	0,2335	-0,2335
depart	0,2335	-0,2335
anneal	0,2486	-0,2486
reject	0,2486	-0,2486
hydrocarbon	0,2486	-0,2486
assistant	0,2486	-0,2486
demographic	0,2486	-0,2486
exploratory	0,2486	-0,2486
morphological	0,2534	-0,2534
wildlife	0,2534	-0,2534
education	0,2534	-0,2534
changchun	0,2534	-0,2534
essence	0,2534	-0,2534
storm	0,2534	-0,2534
recede	0,2534	-0,2534
word	0,2606	-0,2606
sarima	0,2633	-0,2633
mark	0,2633	-0,2633
head	0,2633	-0,2633
wrong	0,2683	-0,2683
gender	0,2683	-0,2683
annoyance	0,2683	-0,2683
theorem	0,2683	-0,2683
whilst	0,2683	-0,2683
hardware	0,2707	-0,2707
dutch	0,2707	-0,2707
proximity	0,2707	-0,2707
organic	0,2707	-0,2707
know	0,2713	-0,2713
accelerate	0,2745	-0,2745
weekday	0,2785	-0,2785
entail	0,2786	-0,2786
hydrogen	0,2786	-0,2786
tm	0,2786	-0,2786
houston	0,2786	-0,2786
vi	0,2786	-0,2786
pollute	0,2786	-0,2786
divergence	0,2786	-0,2786
formally	0,2786	-0,2786
pixel	0,2786	-0,2786
dose	0,2786	-0,2786
seed	0,2786	-0,2786
billion	0,2786	-0,2786
french	0,2786	-0,2786
fly	0,2786	-0,2786
hysteretic	0,2786	-0,2786
fitness	0,2786	-0,2786
insertion	0,2786	-0,2786
accessible	0,2786	-0,2786
vph	0,2786	-0,2786
enterprise	0,2786	-0,2786
expense	0,2786	-0,2786
profit	0,2786	-0,2786
thematic	0,2786	-0,2786
australian	0,2786	-0,2786
possibly	0,2794	-0,2794
sudden	0,2794	-0,2794
vital	0,2794	-0,2794
southern	0,2794	-0,2794
wet	0,2798	-0,2798
totally	0,2798	-0,2798
experience	0,2811	-0,2811
reason	0,2816	-0,2816
popular	0,2834	-0,2834
convex	0,2834	-0,2834
geographical	0,2834	-0,2834
occurrence	0,2844	-0,2844
pde	0,2851	-0,2851
transit	0,2886	-0,2886
closely	0,2889	-0,2889
quadratic	0,2889	-0,2889
tradeoff	0,2893	-0,2893
stackelberg	0,2893	-0,2893
flexible	0,2897	-0,2897
carry	0,2908	-0,2908
extract	0,2915	-0,2915
grow	0,2919	-0,2919
compress	0,2923	-0,2923
evident	0,2923	-0,2923
viable	0,2923	-0,2923
agglomeration	0,2923	-0,2923
ontario	0,2923	-0,2923
poorly	0,2923	-0,2923
simplification	0,2923	-0,2923
pb	0,2923	-0,2923
tau	0,2923	-0,2923
column	0,2923	-0,2923
minimum	0,293	-0,293
implication	0,2938	-0,2938
roadside	0,295	-0,295
severity	0,2959	-0,2959
terminal	0,2959	-0,2959
own	0,2964	-0,2964
invariant	0,2969	-0,2969
ga	0,2969	-0,2969
disturb	0,2975	-0,2975
viscous	0,2975	-0,2975
respective	0,2975	-0,2975
relevance	0,2975	-0,2975
systematically	0,2975	-0,2975
probabilistic	0,2982	-0,2982
vector	0,2986	-0,2986
mandatory	0,3003	-0,3003
broad	0,3003	-0,3003
existence	0,3014	-0,3014
activation	0,3025	-0,3025
remarkable	0,3025	-0,3025
hinder	0,3025	-0,3025
instant	0,3025	-0,3025
year	0,3034	-0,3034
face	0,3051	-0,3051
hypothetical	0,3061	-0,3061
level	0,307	-0,307
show	0,3083	-0,3083
operational	0,3099	-0,3099
operator	0,31	-0,31
carbon	0,3104	-0,3104
steer	0,3109	-0,3109
excitation	0,3109	-0,3109
automotive	0,3109	-0,3109
socio	0,3109	-0,3109
singapore	0,311	-0,311
adaptation	0,312	-0,312
cluster	0,3125	-0,3125
daily	0,3162	-0,3162
conditional	0,3166	-0,3166
idea	0,3173	-0,3173
functionality	0,318	-0,318
batch	0,318	-0,318
practical	0,3205	-0,3205
opportunity	0,3207	-0,3207
layout	0,3213	-0,3213
randomness	0,3223	-0,3223
russia	0,3226	-0,3226
owner	0,3226	-0,3226
ins	0,3226	-0,3226
pace	0,3226	-0,3226
spfs	0,3226	-0,3226
domestic	0,3226	-0,3226
bpnn	0,3226	-0,3226
driveway	0,3226	-0,3226
reproducible	0,3226	-0,3226
political	0,3226	-0,3226
stick	0,3226	-0,3226
scheme	0,3237	-0,3237
dangerous	0,3243	-0,3243
contribution	0,3244	-0,3244
european	0,3251	-0,3251
ability	0,3272	-0,3272
completely	0,3273	-0,3273
dominate	0,3273	-0,3273
global	0,328	-0,328
isolate	0,3291	-0,3291
consequent	0,33	-0,33
rtms	0,33	-0,33
configure	0,33	-0,33
nonhomogeneous	0,33	-0,33
dwell	0,33	-0,33
suddenly	0,33	-0,33
induction	0,33	-0,33
optimally	0,33	-0,33
inadequate	0,33	-0,33
alpha	0,3302	-0,3302
convergence	0,3313	-0,3313
moderate	0,332	-0,332
inherent	0,332	-0,332
separately	0,332	-0,332
region	0,3343	-0,3343
operation	0,3349	-0,3349
saving	0,3352	-0,3352
questionnaire	0,3352	-0,3352
wardrop	0,3352	-0,3352
synchronous	0,3363	-0,3363
company	0,3363	-0,3363
comply	0,3363	-0,3363
perturb	0,3363	-0,3363
regional	0,3379	-0,3379
detect	0,3396	-0,3396
mid	0,34	-0,34
decline	0,3417	-0,3417
assimilation	0,3467	-0,3467
friendly	0,3467	-0,3467
complex	0,3485	-0,3485
acquisition	0,3488	-0,3488
dynamically	0,3493	-0,3493
globally	0,3513	-0,3513
excellent	0,3513	-0,3513
trail	0,3528	-0,3528
consequence	0,3561	-0,3561
feasible	0,3561	-0,3561
discretization	0,3595	-0,3595
bad	0,3603	-0,3603
primary	0,3606	-0,3606
difficult	0,3616	-0,3616
pair	0,3625	-0,3625
proportion	0,3626	-0,3626
saturate	0,3627	-0,3627
uneven	0,3633	-0,3633
clock	0,3633	-0,3633
custom	0,3633	-0,3633
vertices	0,3633	-0,3633
systemic	0,3633	-0,3633
elucidate	0,3633	-0,3633
text	0,3633	-0,3633
impairment	0,3633	-0,3633
linguistic	0,3633	-0,3633
disruptive	0,3633	-0,3633
dimensionality	0,3633	-0,3633
concise	0,3633	-0,3633
recording	0,3633	-0,3633
contention	0,3633	-0,3633
inverse	0,3633	-0,3633
september	0,3633	-0,3633
unavailable	0,3633	-0,3633
interplay	0,3633	-0,3633
hj	0,3633	-0,3633
debate	0,3633	-0,3633
favor	0,3633	-0,3633
employment	0,3633	-0,3633
registration	0,3633	-0,3633
past	0,3635	-0,3635
coefficient	0,3642	-0,3642
idle	0,3644	-0,3644
convergent	0,3644	-0,3644
societal	0,3644	-0,3644
interconnect	0,3644	-0,3644
linearity	0,3644	-0,3644
milan	0,3644	-0,3644
wake	0,3644	-0,3644
admissible	0,3644	-0,3644
cast	0,3644	-0,3644
monetary	0,3644	-0,3644
fidelity	0,3667	-0,3667
widen	0,3667	-0,3667
descent	0,3667	-0,3667
thermal	0,3667	-0,3667
warrant	0,3667	-0,3667
innovation	0,3667	-0,3667
costly	0,3667	-0,3667
encompass	0,3667	-0,3667
week	0,3673	-0,3673
accompany	0,3695	-0,3695
afternoon	0,3695	-0,3695
minnesota	0,3695	-0,3695
join	0,3695	-0,3695
retain	0,3724	-0,3724
source	0,3733	-0,3733
science	0,3738	-0,3738
logical	0,3753	-0,3753
defect	0,3753	-0,3753
downtown	0,3753	-0,3753
success	0,3753	-0,3753
acquire	0,3768	-0,3768
agree	0,3782	-0,3782
analytically	0,3799	-0,3799
spend	0,3801	-0,3801
intermediate	0,3811	-0,3811
artificial	0,3815	-0,3815
top	0,384	-0,384
volume	0,3881	-0,3881
upper	0,3885	-0,3885
guide	0,3885	-0,3885
incomplete	0,3896	-0,3896
chain	0,3899	-0,3899
implementation	0,3901	-0,3901
binomial	0,3923	-0,3923
convert	0,3923	-0,3923
manually	0,3923	-0,3923
characteristic	0,3985	-0,3985
morning	0,3999	-0,3999
superior	0,4002	-0,4002
participate	0,4022	-0,4022
naturally	0,4022	-0,4022
intersect	0,4022	-0,4022
tractable	0,4022	-0,4022
ecological	0,4022	-0,4022
markovian	0,4026	-0,4026
belgium	0,4026	-0,4026
civil	0,4026	-0,4026
disaggregate	0,4026	-0,4026
convenient	0,4028	-0,4028
possess	0,4028	-0,4028
landscape	0,4028	-0,4028
specie	0,4038	-0,4038
grnn	0,4045	-0,4045
hypertension	0,4045	-0,4045
hope	0,4045	-0,4045
linkage	0,4045	-0,4045
descriptors	0,4045	-0,4045
curbside	0,4045	-0,4045
habit	0,4045	-0,4045
sampler	0,4045	-0,4045
obey	0,4045	-0,4045
quasi	0,4052	-0,4052
simplicity	0,4052	-0,4052
primarily	0,4068	-0,4068
cross	0,4072	-0,4072
lie	0,4086	-0,4086
ginzburg	0,4096	-0,4096
positively	0,4096	-0,4096
bivariate	0,4096	-0,4096
sd	0,4096	-0,4096
worth	0,4096	-0,4096
redundancy	0,4096	-0,4096
sgflc	0,4096	-0,4096
quasilinear	0,4096	-0,4096
svms	0,4096	-0,4096
install	0,4096	-0,4096
informative	0,4096	-0,4096
hangzhou	0,4096	-0,4096
isolation	0,4096	-0,4096
atypical	0,4096	-0,4096
arterial	0,4116	-0,4116
nature	0,4122	-0,4122
entry	0,4123	-0,4123
locally	0,4143	-0,4143
consist	0,4153	-0,4153
support	0,416	-0,416
barrier	0,4171	-0,4171
central	0,4184	-0,4184
considerable	0,4216	-0,4216
prior	0,4224	-0,4224
acceptance	0,4239	-0,4239
forward	0,4239	-0,4239
major	0,4249	-0,4249
validation	0,4301	-0,4301
account	0,4315	-0,4315
belong	0,4323	-0,4323
onset	0,4326	-0,4326
expensive	0,4329	-0,4329
quickly	0,4333	-0,4333
call	0,434	-0,434
underestimate	0,4345	-0,4345
rest	0,4345	-0,4345
compatible	0,4345	-0,4345
predetermine	0,4345	-0,4345
incoming	0,4365	-0,4365
super	0,4376	-0,4376
satellite	0,4376	-0,4376
uniformly	0,4376	-0,4376
bias	0,4379	-0,4379
mine	0,4388	-0,4388
spatially	0,4393	-0,4393
dba	0,443	-0,443
ppb	0,443	-0,443
dissolve	0,443	-0,443
divert	0,443	-0,443
chaotic	0,4455	-0,4455
approximately	0,4505	-0,4505
locate	0,4527	-0,4527
qos	0,453	-0,453
office	0,453	-0,453
hamper	0,453	-0,453
portable	0,453	-0,453
stock	0,453	-0,453
surrounding	0,453	-0,453
provider	0,453	-0,453
serial	0,453	-0,453
original	0,4539	-0,4539
intensive	0,458	-0,458
guideline	0,4589	-0,4589
svm	0,459	-0,459
information	0,4591	-0,4591
deduce	0,4592	-0,4592
optimality	0,4606	-0,4606
netherlands	0,4606	-0,4606
embed	0,4607	-0,4607
relative	0,4612	-0,4612
double	0,4624	-0,4624
transfer	0,4624	-0,4624
argue	0,4629	-0,4629
notion	0,4629	-0,4629
cargo	0,4629	-0,4629
intuitive	0,4629	-0,4629
intrinsic	0,4629	-0,4629
blockage	0,4629	-0,4629
emission	0,4646	-0,4646
conceptual	0,4664	-0,4664
brake	0,4675	-0,4675
issue	0,4692	-0,4692
intensity	0,4695	-0,4695
kalman	0,4703	-0,4703
relationship	0,4716	-0,4716
hundred	0,4719	-0,4719
manufacture	0,4719	-0,4719
neighborhood	0,4719	-0,4719
inland	0,4719	-0,4719
unsuitable	0,4733	-0,4733
directive	0,4733	-0,4733
pertinent	0,4733	-0,4733
selective	0,4733	-0,4733
assemble	0,4733	-0,4733
wolf	0,4733	-0,4733
room	0,4733	-0,4733
january	0,4733	-0,4733
pathway	0,4733	-0,4733
covariates	0,4733	-0,4733
exercise	0,4733	-0,4733
exceptional	0,4733	-0,4733
articulation	0,4733	-0,4733
inexpensive	0,4733	-0,4733
axial	0,4733	-0,4733
reformulation	0,4733	-0,4733
incorrect	0,4733	-0,4733
barcelona	0,4733	-0,4733
backbone	0,4733	-0,4733
annoy	0,4733	-0,4733
richards	0,4742	-0,4742
recent	0,475	-0,475
require	0,4772	-0,4772
step	0,4782	-0,4782
pave	0,4803	-0,4803
thousand	0,4803	-0,4803
eb	0,4803	-0,4803
denote	0,4803	-0,4803
round	0,4803	-0,4803
pheromone	0,4803	-0,4803
figure	0,4803	-0,4803
turkey	0,4803	-0,4803
lag	0,4813	-0,4813
replicate	0,4829	-0,4829
false	0,4842	-0,4842
offline	0,4861	-0,4861
gap	0,4863	-0,4863
allow	0,4877	-0,4877
comparable	0,4888	-0,4888
chinese	0,4888	-0,4888
relate	0,4904	-0,4904
construction	0,4908	-0,4908
couple	0,4922	-0,4922
passive	0,4926	-0,4926
abstraction	0,4941	-0,4941
ats	0,4941	-0,4941
ownership	0,4941	-0,4941
temporarily	0,4941	-0,4941
undergo	0,4941	-0,4941
nonrecurrent	0,4941	-0,4941
tolerance	0,4941	-0,4941
collide	0,4941	-0,4941
probit	0,4941	-0,4941
visible	0,4941	-0,4941
resultant	0,4941	-0,4941
fact	0,4963	-0,4963
growth	0,4963	-0,4963
control	0,4973	-0,4973
requirement	0,4998	-0,4998
pavement	0,5002	-0,5002
mitigation	0,5034	-0,5034
district	0,5034	-0,5034
express	0,5041	-0,5041
summer	0,5055	-0,5055
clean	0,5055	-0,5055
coarse	0,5055	-0,5055
fashion	0,5055	-0,5055
hop	0,506	-0,506
case	0,5068	-0,5068
loss	0,507	-0,507
sequence	0,507	-0,507
provision	0,5077	-0,5077
record	0,5083	-0,5083
desirable	0,51	-0,51
optimum	0,5105	-0,5105
distribution	0,5126	-0,5126
suburban	0,513	-0,513
explanatory	0,513	-0,513
odd	0,5166	-0,5166
animal	0,5166	-0,5166
lambda	0,5166	-0,5166
label	0,5166	-0,5166
union	0,5191	-0,5191
generator	0,5191	-0,5191
atc	0,5191	-0,5191
physiological	0,5191	-0,5191
bangkok	0,5191	-0,5191
stationarity	0,5191	-0,5191
m3	0,5191	-0,5191
landau	0,5191	-0,5191
satisfactorily	0,5191	-0,5191
changeable	0,5191	-0,5191
wall	0,5191	-0,5191
june	0,5191	-0,5191
order	0,5215	-0,5215
decompose	0,5222	-0,5222
regulation	0,5233	-0,5233
vibration	0,5236	-0,5236
question	0,5236	-0,5236
eliminate	0,524	-0,524
economic	0,5243	-0,5243
arrive	0,5255	-0,5255
occupation	0,5291	-0,5291
repeat	0,5291	-0,5291
willingness	0,5335	-0,5335
solely	0,5335	-0,5335
differently	0,5335	-0,5335
regularly	0,5335	-0,5335
increment	0,5386	-0,5386
explanation	0,5386	-0,5386
judgment	0,5386	-0,5386
put	0,5436	-0,5436
sample	0,5436	-0,5436
nn	0,5442	-0,5442
deviation	0,5451	-0,5451
close	0,546	-0,546
resolution	0,5471	-0,5471
decide	0,5494	-0,5494
draw	0,5494	-0,5494
expansion	0,5494	-0,5494
emphasis	0,5515	-0,5515
heavily	0,5515	-0,5515
computationally	0,5516	-0,5516
evolve	0,5516	-0,5516
ac	0,5519	-0,5519
unrealistic	0,5519	-0,5519
suitability	0,5519	-0,5519
fluctuate	0,5519	-0,5519
nonlinearity	0,5519	-0,5519
relevant	0,552	-0,552
video	0,5543	-0,5543
comprise	0,5576	-0,5576
believe	0,56	-0,56
consume	0,56	-0,56
saturation	0,5612	-0,5612
serve	0,5615	-0,5615
shape	0,5617	-0,5617
academic	0,5618	-0,5618
concurrent	0,5618	-0,5618
indirectly	0,5618	-0,5618
measurable	0,5618	-0,5618
designer	0,5618	-0,5618
planar	0,5618	-0,5618
conform	0,5618	-0,5618
newton	0,5618	-0,5618
monitor	0,566	-0,566
turn	0,5709	-0,5709
uniqueness	0,5712	-0,5712
independently	0,5712	-0,5712
multilayer	0,5712	-0,5712
achievable	0,5714	-0,5714
correspondence	0,5714	-0,5714
tire	0,5714	-0,5714
recur	0,5714	-0,5714
payne	0,5714	-0,5714
object	0,5715	-0,5715
survey	0,578	-0,578
versus	0,5785	-0,5785
adequate	0,5785	-0,5785
medium	0,5796	-0,5796
ant	0,5805	-0,5805
chemical	0,5806	-0,5806
oxide	0,5806	-0,5806
inconsistency	0,5864	-0,5864
widespread	0,5864	-0,5864
snow	0,5875	-0,5875
emphasize	0,5905	-0,5905
identical	0,5905	-0,5905
encourage	0,5935	-0,5935
family	0,5935	-0,5935
resolve	0,5935	-0,5935
hot	0,5953	-0,5953
construct	0,5972	-0,5972
geometric	0,5979	-0,5979
visualization	0,5987	-0,5987
rise	0,5987	-0,5987
concentrate	0,6007	-0,6007
hyperbolic	0,6007	-0,6007
neutral	0,6007	-0,6007
settle	0,6022	-0,6022
eastbound	0,6022	-0,6022
metastability	0,6022	-0,6022
kutta	0,6022	-0,6022
arrange	0,6022	-0,6022
infrastructural	0,6022	-0,6022
pilot	0,6022	-0,6022
runge	0,6022	-0,6022
tunnel	0,6029	-0,6029
honk	0,6033	-0,6033
iran	0,6033	-0,6033
vary	0,6063	-0,6063
careful	0,6081	-0,6081
artery	0,6081	-0,6081
burger	0,6096	-0,6096
occupancy	0,6118	-0,6118
classify	0,6132	-0,6132
ratio	0,6132	-0,6132
structural	0,6152	-0,6152
early	0,6152	-0,6152
actual	0,6166	-0,6166
systematic	0,6183	-0,6183
bend	0,6203	-0,6203
importantly	0,6203	-0,6203
lose	0,6208	-0,6208
mu	0,6208	-0,6208
downstream	0,6214	-0,6214
interrupt	0,6224	-0,6224
opposite	0,6284	-0,6284
valid	0,6284	-0,6284
promise	0,6298	-0,6298
elasticity	0,635	-0,635
intervention	0,6384	-0,6384
modify	0,6393	-0,6393
england	0,6409	-0,6409
brazil	0,6409	-0,6409
absent	0,6409	-0,6409
decentralise	0,6409	-0,6409
flat	0,6409	-0,6409
restore	0,6409	-0,6409
copert	0,6409	-0,6409
magnitude	0,6415	-0,6415
distress	0,6438	-0,6438
intend	0,6461	-0,6461
view	0,6462	-0,6462
plot	0,6468	-0,6468
assistance	0,6493	-0,6493
eulerian	0,6507	-0,6507
devise	0,6507	-0,6507
adaptability	0,6535	-0,6535
notice	0,6535	-0,6535
cope	0,6535	-0,6535
stimulus	0,6535	-0,6535
split	0,656	-0,656
slightly	0,656	-0,656
modulation	0,6576	-0,6576
85th	0,6576	-0,6576
cs	0,6576	-0,6576
optimising	0,6576	-0,6576
detrimental	0,6576	-0,6576
ambulance	0,6576	-0,6576
blind	0,6576	-0,6576
orientation	0,6576	-0,6576
precondition	0,6576	-0,6576
exacerbate	0,6576	-0,6576
japanese	0,6576	-0,6576
suitably	0,6576	-0,6576
restrictive	0,6576	-0,6576
actively	0,6576	-0,6576
intercept	0,6576	-0,6576
da	0,6576	-0,6576
productivity	0,6576	-0,6576
advection	0,6576	-0,6576
cooperate	0,6576	-0,6576
administrator	0,6576	-0,6576
radiation	0,6576	-0,6576
presume	0,6576	-0,6576
adaptable	0,6576	-0,6576
presence	0,6614	-0,6614
throughput	0,6619	-0,6619
perceive	0,665	-0,665
lot	0,6699	-0,6699
instantaneous	0,6699	-0,6699
publish	0,6734	-0,6734
beta	0,6734	-0,6734
definition	0,6753	-0,6753
km	0,6771	-0,6771
numerical	0,6776	-0,6776
bar	0,6781	-0,6781
elman	0,6781	-0,6781
plausible	0,6781	-0,6781
gray	0,6781	-0,6781
outdoor	0,6781	-0,6781
athens	0,6781	-0,6781
feedforward	0,6781	-0,6781
severely	0,6781	-0,6781
descriptive	0,6781	-0,6781
illumination	0,6786	-0,6786
obstruction	0,6786	-0,6786
galerkin	0,6786	-0,6786
sharp	0,6786	-0,6786
complementary	0,6786	-0,6786
cfi	0,6786	-0,6786
moment	0,6805	-0,6805
define	0,6815	-0,6815
month	0,6828	-0,6828
back	0,6852	-0,6852
board	0,6879	-0,6879
output	0,6923	-0,6923
conclude	0,6926	-0,6926
representative	0,6937	-0,6937
dual	0,6937	-0,6937
motorway	0,6942	-0,6942
human	0,6958	-0,6958
shorten	0,6959	-0,6959
formalism	0,6959	-0,6959
rigorously	0,6959	-0,6959
visualisation	0,6959	-0,6959
brain	0,6959	-0,6959
equivalence	0,6959	-0,6959
kilometre	0,6959	-0,6959
refinement	0,6959	-0,6959
beacon	0,6959	-0,6959
parallelization	0,6959	-0,6959
escape	0,6959	-0,6959
kw	0,6959	-0,6959
iterative	0,6971	-0,6971
decelerate	0,6972	-0,6972
behavioural	0,6972	-0,6972
composition	0,7057	-0,7057
inside	0,706	-0,706
kinematic	0,7072	-0,7072
nonlinear	0,7073	-0,7073
formulate	0,7094	-0,7094
equivalent	0,7098	-0,7098
authority	0,7112	-0,7112
turbulent	0,7126	-0,7126
greenshields	0,7141	-0,7141
interurban	0,7141	-0,7141
versa	0,7141	-0,7141
inhabitant	0,7141	-0,7141
combinatorial	0,7141	-0,7141
translate	0,7141	-0,7141
vice	0,7141	-0,7141
equally	0,7141	-0,7141
2d	0,7183	-0,7183
circuit	0,7183	-0,7183
curve	0,723	-0,723
inflow	0,7232	-0,7232
san	0,7278	-0,7278
exact	0,7284	-0,7284
lwr	0,731	-0,731
nation	0,7328	-0,7328
proxy	0,7328	-0,7328
northbound	0,7328	-0,7328
soundscape	0,7328	-0,7328
quantum	0,7328	-0,7328
washington	0,7328	-0,7328
everyday	0,7328	-0,7328
routine	0,7328	-0,7328
coexistence	0,7328	-0,7328
tsis	0,7328	-0,7328
applicable	0,7351	-0,7351
assume	0,7368	-0,7368
summarize	0,7382	-0,7382
encounter	0,7382	-0,7382
follower	0,7392	-0,7392
anticipate	0,7392	-0,7392
follow	0,7399	-0,7399
modal	0,7414	-0,7414
converge	0,7422	-0,7422
scale	0,7425	-0,7425
square	0,7434	-0,7434
complicate	0,7453	-0,7453
consistently	0,7459	-0,7459
premise	0,7459	-0,7459
judge	0,7459	-0,7459
optical	0,7459	-0,7459
distinct	0,7491	-0,7491
slowly	0,7492	-0,7492
mental	0,7492	-0,7492
census	0,7492	-0,7492
pc	0,7492	-0,7492
local	0,7495	-0,7495
emergent	0,7501	-0,7501
membership	0,7501	-0,7501
focus	0,7512	-0,7512
median	0,7513	-0,7513
damage	0,7569	-0,7569
exponential	0,7579	-0,7579
methodological	0,7581	-0,7581
assign	0,762	-0,762
pm10	0,762	-0,762
strength	0,7654	-0,7654
result	0,766	-0,766
proportional	0,7679	-0,7679
refine	0,7683	-0,7683
resemble	0,7684	-0,7684
participation	0,7684	-0,7684
conserve	0,7684	-0,7684
march	0,7684	-0,7684
airline	0,7684	-0,7684
house	0,7684	-0,7684
minneapolis	0,7684	-0,7684
hit	0,7684	-0,7684
fem	0,7684	-0,7684
typical	0,769	-0,769
crossroad	0,7736	-0,7736
prepare	0,7787	-0,7787
unexpected	0,7787	-0,7787
italian	0,7787	-0,7787
successive	0,78	-0,78
strong	0,7804	-0,7804
manual	0,7813	-0,7813
subsequent	0,7814	-0,7814
engine	0,783	-0,783
intervehicle	0,7833	-0,7833
genetic	0,7833	-0,7833
shed	0,7833	-0,7833
item	0,7833	-0,7833
include	0,7846	-0,7846
approach	0,7853	-0,7853
extension	0,7869	-0,7869
extent	0,7903	-0,7903
considerably	0,7925	-0,7925
disperse	0,8031	-0,8031
viability	0,8031	-0,8031
fund	0,8031	-0,8031
format	0,8031	-0,8031
periodically	0,8031	-0,8031
sigma	0,8031	-0,8031
noisy	0,8031	-0,8031
directional	0,8048	-0,8048
consistency	0,8057	-0,8057
acceptable	0,8057	-0,8057
county	0,8109	-0,8109
adequately	0,8109	-0,8109
iteration	0,8123	-0,8123
federal	0,8123	-0,8123
simultaneous	0,8132	-0,8132
investigate	0,8145	-0,8145
generally	0,8153	-0,8153
empirical	0,816	-0,816
plant	0,8168	-0,8168
send	0,8168	-0,8168
bayes	0,8168	-0,8168
reproduce	0,8175	-0,8175
date	0,8178	-0,8178
indirect	0,8178	-0,8178
precisely	0,8178	-0,8178
motorist	0,8178	-0,8178
access	0,8205	-0,8205
independent	0,8219	-0,8219
post	0,8226	-0,8226
argument	0,8346	-0,8346
differentiable	0,8346	-0,8346
money	0,8346	-0,8346
epa	0,8346	-0,8346
ground	0,8346	-0,8346
finish	0,8346	-0,8346
herty	0,8346	-0,8346
testify	0,8346	-0,8346
signage	0,8346	-0,8346
transcad	0,8346	-0,8346
den	0,8346	-0,8346
interrelation	0,8346	-0,8346
denoising	0,8346	-0,8346
hurst	0,8346	-0,8346
multiphase	0,8346	-0,8346
georgia	0,8346	-0,8346
division	0,8369	-0,8369
bed	0,8369	-0,8369
disappear	0,8369	-0,8369
man	0,8369	-0,8369
stochasticity	0,8369	-0,8369
immediately	0,8427	-0,8427
trial	0,8429	-0,8429
uninterrupted	0,8429	-0,8429
europe	0,8429	-0,8429
bp	0,8471	-0,8471
conversion	0,8496	-0,8496
feed	0,8496	-0,8496
geometry	0,8531	-0,8531
integration	0,8534	-0,8534
server	0,8544	-0,8544
unlike	0,8544	-0,8544
critical	0,857	-0,857
vanish	0,8623	-0,8623
vmt	0,8623	-0,8623
vr	0,8623	-0,8623
unblock	0,8623	-0,8623
adult	0,8623	-0,8623
formulae	0,8623	-0,8623
tangent	0,8623	-0,8623
unusual	0,8623	-0,8623
cerebellar	0,8623	-0,8623
restoration	0,8623	-0,8623
berkeley	0,8623	-0,8623
stroke	0,8623	-0,8623
madrid	0,8623	-0,8623
stratify	0,8623	-0,8623
job	0,8623	-0,8623
pursue	0,87	-0,87
pp	0,87	-0,87
oscillate	0,87	-0,87
behaviour	0,8727	-0,8727
rarefaction	0,874	-0,874
compound	0,874	-0,874
straight	0,8766	-0,8766
pid	0,8766	-0,8766
tendency	0,8819	-0,8819
nonmotorized	0,8819	-0,8819
indication	0,8819	-0,8819
react	0,8819	-0,8819
mile	0,8828	-0,8828
night	0,8844	-0,8844
acc	0,8879	-0,8879
strip	0,891	-0,891
robot	0,891	-0,891
kinematics	0,891	-0,891
meteorology	0,891	-0,891
stockholm	0,891	-0,891
encode	0,891	-0,891
con	0,891	-0,891
petrol	0,891	-0,891
naples	0,891	-0,891
sequential	0,896	-0,896
experimentally	0,9025	-0,9025
prevalence	0,9025	-0,9025
avenue	0,9025	-0,9025
bandwidth	0,9025	-0,9025
pca	0,9025	-0,9025
localize	0,9032	-0,9032
range	0,9058	-0,9058
radar	0,911	-0,911
layer	0,9136	-0,9136
appearance	0,9137	-0,9137
rule	0,9158	-0,9158
cusp	0,9203	-0,9203
confine	0,9203	-0,9203
combustion	0,9203	-0,9203
govern	0,9215	-0,9215
architecture	0,9293	-0,9293
continue	0,9329	-0,9329
lyapunov	0,9329	-0,9329
diurnal	0,9345	-0,9345
list	0,9345	-0,9345
tollgate	0,9345	-0,9345
jump	0,945	-0,945
animation	0,945	-0,945
contributor	0,9497	-0,9497
skew	0,9497	-0,9497
aerodynamic	0,9497	-0,9497
american	0,9497	-0,9497
mesh	0,9497	-0,9497
proceed	0,9497	-0,9497
propensity	0,9497	-0,9497
engineer	0,9532	-0,9532
ii	0,9535	-0,9535
oscillation	0,9573	-0,9573
restrict	0,9626	-0,9626
portion	0,9632	-0,9632
store	0,9632	-0,9632
entropy	0,9641	-0,9641
incremental	0,9658	-0,9658
reactive	0,9658	-0,9658
professional	0,9659	-0,9659
customer	0,9659	-0,9659
attain	0,9659	-0,9659
north	0,9669	-0,9669
kdv	0,9669	-0,9669
min	0,9724	-0,9724
plane	0,9727	-0,9727
advantage	0,9733	-0,9733
outgoing	0,9759	-0,9759
readily	0,9759	-0,9759
incidence	0,9792	-0,9792
successfully	0,983	-0,983
maintain	0,9843	-0,9843
simplify	0,989	-0,989
small	0,9898	-0,9898
ring	0,9932	-0,9932
instance	0,9947	-0,9947
repair	0,9958	-0,9958
competitive	0,997	-0,997
consider	0,9981	-0,9981
hypothesis	0,9998	-0,9998
classification	1,0028	-1,0028
transform	1,0055	-1,0055
manner	1,008	-1,008
variety	1,0083	-1,0083
fairly	1,0087	-1,0087
volatile	1,0087	-1,0087
york	1,0087	-1,0087
realism	1,0087	-1,0087
dramatically	1,0087	-1,0087
discomfort	1,0087	-1,0087
exclusive	1,02	-1,02
cycle	1,0208	-1,0208
personal	1,0223	-1,0223
core	1,0223	-1,0223
fair	1,0255	-1,0255
gravity	1,0255	-1,0255
branch	1,0269	-1,0269
originate	1,0276	-1,0276
disrupt	1,0276	-1,0276
generic	1,0329	-1,0329
area	1,0334	-1,0334
product	1,0367	-1,0367
narrow	1,0367	-1,0367
sms	1,038	-1,038
deficiency	1,038	-1,038
coherent	1,038	-1,038
soft	1,038	-1,038
combine	1,0427	-1,0427
estimate	1,0437	-1,0437
sign	1,045	-1,045
inter	1,0456	-1,0456
aw	1,0538	-1,0538
height	1,055	-1,055
newell	1,055	-1,055
separate	1,0565	-1,0565
differ	1,0578	-1,0578
kilometer	1,0579	-1,0579
investigation	1,0598	-1,0598
investment	1,0662	-1,0662
compose	1,0662	-1,0662
outer	1,0667	-1,0667
signalization	1,0673	-1,0673
minima	1,0707	-1,0707
vacuum	1,0707	-1,0707
persons	1,0707	-1,0707
molecular	1,0707	-1,0707
lock	1,0707	-1,0707
excite	1,0707	-1,0707
vocs	1,0707	-1,0707
rationale	1,0707	-1,0707
attributable	1,0707	-1,0707
lithuania	1,0707	-1,0707
microenvironments	1,0707	-1,0707
statement	1,0707	-1,0707
lake	1,0707	-1,0707
submodels	1,0707	-1,0707
multiply	1,0707	-1,0707
treiber	1,0707	-1,0707
illustrate	1,072	-1,072
clear	1,0741	-1,0741
rush	1,0806	-1,0806
areawide	1,0842	-1,0842
surprisingly	1,0842	-1,0842
diesel	1,0842	-1,0842
municipality	1,0842	-1,0842
signalling	1,0842	-1,0842
manipulation	1,0842	-1,0842
nextgen	1,0842	-1,0842
northern	1,0879	-1,0879
unidirectional	1,0879	-1,0879
heat	1,0879	-1,0879
surveillance	1,0913	-1,0913
differential	1,0928	-1,0928
diminish	1,0963	-1,0963
contrast	1,1018	-1,1018
intent	1,102	-1,102
moped	1,102	-1,102
ill	1,102	-1,102
terminate	1,102	-1,102
excess	1,102	-1,102
abatement	1,102	-1,102
appl	1,102	-1,102
permit	1,1046	-1,1046
pay	1,1065	-1,1065
ventilation	1,1074	-1,1074
lighthill	1,111	-1,111
piecewise	1,1119	-1,1119
germany	1,1132	-1,1132
derivation	1,1132	-1,1132
practice	1,1136	-1,1136
agent	1,1153	-1,1153
automatically	1,1178	-1,1178
section	1,1186	-1,1186
symmetry	1,1224	-1,1224
upwind	1,1224	-1,1224
calm	1,1224	-1,1224
slice	1,1224	-1,1224
brief	1,1252	-1,1252
counter	1,1257	-1,1257
sufficiently	1,1257	-1,1257
micro	1,1278	-1,1278
main	1,1316	-1,1316
typically	1,1325	-1,1325
current	1,1326	-1,1326
field	1,133	-1,133
london	1,1419	-1,1419
ask	1,1446	-1,1446
mca	1,1446	-1,1446
epidemic	1,1446	-1,1446
individually	1,1446	-1,1446
criticality	1,1446	-1,1446
welfare	1,1471	-1,1471
constitute	1,1471	-1,1471
realistically	1,1471	-1,1471
grind	1,15	-1,15
rigorous	1,154	-1,154
partially	1,1548	-1,1548
modification	1,1594	-1,1594
continuously	1,1606	-1,1606
backpropagation	1,1681	-1,1681
diameter	1,1681	-1,1681
imitate	1,1681	-1,1681
arm	1,1681	-1,1681
adapt	1,1792	-1,1792
historic	1,1825	-1,1825
solve	1,1845	-1,1845
concave	1,1924	-1,1924
command	1,1924	-1,1924
organise	1,1924	-1,1924
demonstration	1,1924	-1,1924
gamma	1,1924	-1,1924
transient	1,1989	-1,1989
constrain	1,2004	-1,2004
assessment	1,2015	-1,2015
subset	1,2052	-1,2052
half	1,2052	-1,2052
weekend	1,2052	-1,2052
capital	1,211	-1,211
riemann	1,2121	-1,2121
correspond	1,2128	-1,2128
front	1,2132	-1,2132
impossible	1,2173	-1,2173
precursor	1,2173	-1,2173
marine	1,2173	-1,2173
terrain	1,2173	-1,2173
effort	1,2233	-1,2233
characterize	1,2255	-1,2255
motor	1,2303	-1,2303
nox	1,2388	-1,2388
queueing	1,24	-1,24
interpret	1,241	-1,241
entrance	1,2422	-1,2422
floor	1,2426	-1,2426
array	1,2426	-1,2426
strictly	1,2426	-1,2426
specific	1,2468	-1,2468
capability	1,2478	-1,2478
deceleration	1,2524	-1,2524
japan	1,2674	-1,2674
origin	1,2712	-1,2712
analyse	1,2719	-1,2719
validity	1,2758	-1,2758
regulate	1,2758	-1,2758
population	1,2841	-1,2841
sensitive	1,293	-1,293
ten	1,294	-1,294
anisotropic	1,2954	-1,2954
spread	1,2958	-1,2958
minimal	1,3015	-1,3015
expectation	1,3015	-1,3015
calculation	1,3106	-1,3106
name	1,311	-1,311
health	1,3187	-1,3187
relief	1,32	-1,32
shortcoming	1,32	-1,32
tca	1,3208	-1,3208
apparent	1,3223	-1,3223
outlet	1,3223	-1,3223
monthly	1,3223	-1,3223
asymmetrical	1,3223	-1,3223
modem	1,3223	-1,3223
transshipment	1,3223	-1,3223
probable	1,3223	-1,3223
lp	1,3223	-1,3223
discussion	1,3227	-1,3227
building	1,3256	-1,3256
fifo	1,3256	-1,3256
pulse	1,3267	-1,3267
multimedia	1,3267	-1,3267
illustration	1,3267	-1,3267
posterior	1,3267	-1,3267
negligible	1,3267	-1,3267
occlusion	1,3267	-1,3267
epsilon	1,3267	-1,3267
diversity	1,3267	-1,3267
intense	1,3267	-1,3267
assumption	1,3294	-1,3294
exit	1,3334	-1,3334
online	1,3334	-1,3334
preferable	1,3359	-1,3359
cite	1,3359	-1,3359
dbl	1,3359	-1,3359
interpretability	1,3359	-1,3359
advantageous	1,3359	-1,3359
reception	1,3359	-1,3359
jersey	1,3359	-1,3359
france	1,3359	-1,3359
intractable	1,3359	-1,3359
theme	1,3359	-1,3359
pces	1,3359	-1,3359
liquid	1,3359	-1,3359
cache	1,3359	-1,3359
dlm	1,3359	-1,3359
persistence	1,3375	-1,3375
reflection	1,3375	-1,3375
suppose	1,3375	-1,3375
diffusion	1,3386	-1,3386
satisfy	1,3428	-1,3428
extraction	1,3448	-1,3448
od	1,3455	-1,3455
cauchy	1,3461	-1,3461
attractive	1,3461	-1,3461
propagate	1,3496	-1,3496
attribute	1,3498	-1,3498
averse	1,3517	-1,3517
psychology	1,3517	-1,3517
distinction	1,3517	-1,3517
abrupt	1,3517	-1,3517
exponentially	1,3517	-1,3517
asia	1,3517	-1,3517
mind	1,3517	-1,3517
pseudo	1,3517	-1,3517
write	1,3517	-1,3517
satisfactory	1,3534	-1,3534
surface	1,356	-1,356
expect	1,3569	-1,3569
movement	1,3596	-1,3596
headway	1,3636	-1,3636
generalize	1,3674	-1,3674
exclude	1,3684	-1,3684
directly	1,3693	-1,3693
tollbooth	1,3723	-1,3723
live	1,3764	-1,3764
interruption	1,3831	-1,3831
logic	1,3851	-1,3851
initiate	1,3869	-1,3869
cmac	1,3869	-1,3869
prescribe	1,3869	-1,3869
pro	1,3869	-1,3869
kill	1,3869	-1,3869
quantitative	1,391	-1,391
unite	1,3936	-1,3936
railway	1,3988	-1,3988
carlo	1,4045	-1,4045
neuron	1,406	-1,406
perpendicular	1,4068	-1,4068
home	1,4068	-1,4068
automatic	1,4111	-1,4111
statistic	1,412	-1,412
represent	1,4136	-1,4136
evacuation	1,4235	-1,4235
regard	1,4236	-1,4236
true	1,4248	-1,4248
correctly	1,4248	-1,4248
briefly	1,4248	-1,4248
display	1,426	-1,426
math	1,4277	-1,4277
death	1,4277	-1,4277
stem	1,4277	-1,4277
answer	1,4277	-1,4277
discontinuity	1,4334	-1,4334
dioxide	1,4362	-1,4362
perfect	1,4494	-1,4494
ma	1,4494	-1,4494
spontaneous	1,451	-1,451
content	1,4606	-1,4606
geographic	1,4636	-1,4636
examine	1,471	-1,471
nighttime	1,4717	-1,4717
incorporation	1,4717	-1,4717
undertake	1,4773	-1,4773
element	1,4863	-1,4863
attempt	1,4873	-1,4873
exhibit	1,4907	-1,4907
final	1,4907	-1,4907
graphical	1,4908	-1,4908
monte	1,4927	-1,4927
necessarily	1,4946	-1,4946
treat	1,5004	-1,5004
journey	1,5035	-1,5035
suggestion	1,5035	-1,5035
mixture	1,5036	-1,5036
university	1,5148	-1,5148
class	1,5236	-1,5236
uniform	1,5245	-1,5245
think	1,5297	-1,5297
partial	1,5353	-1,5353
packet	1,5395	-1,5395
reserve	1,5414	-1,5414
rarely	1,5414	-1,5414
traditionally	1,5414	-1,5414
collective	1,5418	-1,5418
qualitatively	1,5418	-1,5418
create	1,5463	-1,5463
basis	1,5532	-1,5532
resident	1,5559	-1,5559
whitham	1,5594	-1,5594
derive	1,5631	-1,5631
adms	1,5635	-1,5635
spontaneously	1,5635	-1,5635
seldom	1,5635	-1,5635
publication	1,5635	-1,5635
infrared	1,5641	-1,5641
linearization	1,5641	-1,5641
file	1,5641	-1,5641
pipeline	1,5641	-1,5641
patrol	1,5641	-1,5641
structure	1,5666	-1,5666
count	1,5669	-1,5669
pm	1,5687	-1,5687
opinion	1,5698	-1,5698
mutually	1,5698	-1,5698
nottingham	1,5701	-1,5701
imagery	1,5701	-1,5701
elsevier	1,5701	-1,5701
phenomenological	1,5701	-1,5701
partly	1,5701	-1,5701
1d	1,5701	-1,5701
transims	1,5701	-1,5701
convoy	1,5701	-1,5701
causality	1,5701	-1,5701
winter	1,5704	-1,5704
collection	1,5783	-1,5783
tokyo	1,5792	-1,5792
replace	1,5821	-1,5821
pool	1,5872	-1,5872
rejection	1,5872	-1,5872
sequentially	1,5872	-1,5872
initiative	1,5914	-1,5914
nonparametric	1,5934	-1,5934
zero	1,5934	-1,5934
quantity	1,5954	-1,5954
interstate	1,5987	-1,5987
develop	1,5991	-1,5991
easily	1,6031	-1,6031
place	1,6031	-1,6031
lidar	1,6057	-1,6057
analytical	1,6087	-1,6087
measure	1,6111	-1,6111
basic	1,6176	-1,6176
consistent	1,619	-1,619
association	1,6203	-1,6203
malaysian	1,6208	-1,6208
m25	1,6208	-1,6208
interview	1,6208	-1,6208
apparently	1,6208	-1,6208
dissolution	1,6208	-1,6208
olympic	1,6208	-1,6208
ministry	1,6208	-1,6208
profitability	1,6208	-1,6208
unchanged	1,6208	-1,6208
vts	1,6208	-1,6208
supervision	1,6208	-1,6208
arrow	1,6208	-1,6208
motorised	1,6218	-1,6218
freely	1,6218	-1,6218
ice	1,6218	-1,6218
explicit	1,6232	-1,6232
variation	1,6317	-1,6317
lane	1,6325	-1,6325
natural	1,6332	-1,6332
physic	1,6343	-1,6343
catastrophe	1,6381	-1,6381
mimic	1,6392	-1,6392
devote	1,6392	-1,6392
sectional	1,6392	-1,6392
foundation	1,6487	-1,6487
stabilization	1,6577	-1,6577
casualty	1,6577	-1,6577
configuration	1,6581	-1,6581
stream	1,6583	-1,6583
essentially	1,6604	-1,6604
today	1,6604	-1,6604
wide	1,6765	-1,6765
grade	1,6885	-1,6885
trip	1,6895	-1,6895
solution	1,6968	-1,6968
cold	1,6973	-1,6973
paper	1,7026	-1,7026
ideal	1,712	-1,712
radial	1,712	-1,712
give	1,7153	-1,7153
formula	1,7245	-1,7245
involve	1,7338	-1,7338
good	1,7429	-1,7429
extend	1,7525	-1,7525
diversion	1,7531	-1,7531
rascle	1,7531	-1,7531
progress	1,7609	-1,7609
viewpoint	1,7609	-1,7609
business	1,7642	-1,7642
circle	1,7642	-1,7642
introduce	1,7729	-1,7729
node	1,7793	-1,7793
macroscopic	1,7948	-1,7948
run	1,7968	-1,7968
straightforward	1,7977	-1,7977
detrended	1,801	-1,801
sweden	1,801	-1,801
posedness	1,801	-1,801
immune	1,805	-1,805
document	1,805	-1,805
evacuate	1,805	-1,805
timing	1,8054	-1,8054
evidence	1,8057	-1,8057
interact	1,8104	-1,8104
adjoint	1,811	-1,811
bot	1,811	-1,811
tag	1,811	-1,811
lpv	1,8135	-1,8135
aggregation	1,8194	-1,8194
suggest	1,822	-1,822
microsimulation	1,8236	-1,8236
laboratory	1,8363	-1,8363
busy	1,8363	-1,8363
treatment	1,8363	-1,8363
incur	1,8372	-1,8372
development	1,8399	-1,8399
execution	1,8508	-1,8508
florida	1,8515	-1,8515
corridor	1,8522	-1,8522
instrument	1,8612	-1,8612
maximal	1,8612	-1,8612
episode	1,8632	-1,8632
fresim	1,8632	-1,8632
kinetics	1,8632	-1,8632
oncoming	1,8632	-1,8632
klenov	1,8632	-1,8632
loop	1,8778	-1,8778
coexist	1,8839	-1,8839
daytime	1,8839	-1,8839
substantial	1,8862	-1,8862
interest	1,8925	-1,8925
yield	1,896	-1,896
arise	1,8972	-1,8972
campaign	1,9016	-1,9016
exposure	1,9069	-1,9069
update	1,9089	-1,9089
project	1,9151	-1,9151
oscillator	1,9168	-1,9168
transyt	1,9168	-1,9168
evaporation	1,9168	-1,9168
leq	1,9168	-1,9168
snapshot	1,9168	-1,9168
ireland	1,9168	-1,9168
tower	1,9168	-1,9168
expert	1,9186	-1,9186
suitable	1,9361	-1,9361
confidence	1,939	-1,939
semi	1,9442	-1,9442
agreement	1,9487	-1,9487
matter	1,9619	-1,9619
imply	1,9625	-1,9625
california	1,9921	-1,9921
threshold	1,9937	-1,9937
hourly	2,0002	-2,0002
reidentification	2,0047	-2,0047
jurisdiction	2,0047	-2,0047
piston	2,0047	-2,0047
subsection	2,0047	-2,0047
diffuse	2,0047	-2,0047
erosion	2,0047	-2,0047
kaunas	2,0047	-2,0047
lett	2,0047	-2,0047
acoustical	2,0047	-2,0047
rabbit	2,0047	-2,0047
exceed	2,0113	-2,0113
marking	2,0284	-2,0284
institute	2,0284	-2,0284
contour	2,0347	-2,0347
momentum	2,0347	-2,0347
inversion	2,0347	-2,0347
observable	2,0347	-2,0347
activity	2,0389	-2,0389
soil	2,0415	-2,0415
priori	2,0427	-2,0427
junction	2,0455	-2,0455
telecommunication	2,0472	-2,0472
depend	2,0497	-2,0497
downwind	2,0527	-2,0527
mrf	2,0681	-2,0681
fukui	2,0681	-2,0681
emergence	2,0848	-2,0848
economics	2,1004	-2,1004
lagrange	2,1004	-2,1004
macroscopically	2,1004	-2,1004
siam	2,1004	-2,1004
pipe	2,1004	-2,1004
ishibashi	2,1004	-2,1004
material	2,1068	-2,1068
fraction	2,1109	-2,1109
concept	2,1157	-2,1157
aid	2,1358	-2,1358
far	2,1383	-2,1383
detector	2,1391	-2,1391
introduction	2,1417	-2,1417
al	2,1419	-2,1419
socioeconomic	2,1489	-2,1489
gaseous	2,1489	-2,1489
uk	2,1607	-2,1607
metastable	2,1739	-2,1739
center	2,1749	-2,1749
texas	2,1764	-2,1764
variance	2,182	-2,182
formation	2,1849	-2,1849
dependence	2,1966	-2,1966
alternative	2,2113	-2,2113
scour	2,222	-2,222
disutility	2,222	-2,222
homogeneous	2,2428	-2,2428
database	2,2514	-2,2514
mi	2,2525	-2,2525
cfd	2,2525	-2,2525
pattern	2,2557	-2,2557
som	2,2567	-2,2567
infinity	2,2567	-2,2567
dp	2,2567	-2,2567
mortality	2,2567	-2,2567
univariate	2,2567	-2,2567
hopf	2,2606	-2,2606
toronto	2,2654	-2,2654
scan	2,2654	-2,2654
conjunction	2,2681	-2,2681
advancement	2,2798	-2,2798
atms	2,2798	-2,2798
generation	2,2917	-2,2917
mass	2,2941	-2,2941
link	2,3018	-2,3018
nb	2,3018	-2,3018
presentation	2,3018	-2,3018
numb	2,3061	-2,3061
direct	2,3109	-2,3109
transformation	2,3116	-2,3116
oppose	2,3136	-2,3136
net	2,3152	-2,3152
characterization	2,3162	-2,3162
kind	2,3237	-2,3237
module	2,3264	-2,3264
ann	2,3287	-2,3287
speak	2,3351	-2,3351
cabin	2,3351	-2,3351
suspend	2,3351	-2,3351
find	2,3395	-2,3395
advance	2,3676	-2,3676
vilnius	2,3789	-2,3789
usefulness	2,3789	-2,3789
algorithmic	2,3789	-2,3789
digital	2,3803	-2,3803
preliminary	2,3816	-2,3816
determine	2,3837	-2,3837
equilibria	2,3927	-2,3927
operate	2,398	-2,398
direction	2,3999	-2,3999
approximation	2,4137	-2,4137
period	2,426	-2,426
roadway	2,4319	-2,4319
representation	2,4321	-2,4321
being	2,4428	-2,4428
sa	2,443	-2,443
jiang	2,443	-2,443
translation	2,443	-2,443
dublin	2,443	-2,443
spectrum	2,4473	-2,4473
enter	2,4554	-2,4554
capable	2,4645	-2,4645
explicitly	2,4699	-2,4699
maximum	2,4778	-2,4778
property	2,4802	-2,4802
behave	2,4835	-2,4835
airspace	2,4856	-2,4856
reverse	2,4936	-2,4936
difficulty	2,4988	-2,4988
precision	2,4992	-2,4992
paramics	2,4994	-2,4994
atmospheric	2,4994	-2,4994
continuity	2,4994	-2,4994
enforcement	2,5095	-2,5095
taiwan	2,5095	-2,5095
graphic	2,5096	-2,5096
efficacy	2,5096	-2,5096
designate	2,5096	-2,5096
background	2,5131	-2,5131
oscillatory	2,5209	-2,5209
mathematical	2,5235	-2,5235
traverse	2,5324	-2,5324
earthquake	2,5333	-2,5333
anti	2,5352	-2,5352
drone	2,5352	-2,5352
discontinuous	2,5465	-2,5465
container	2,5467	-2,5467
continuous	2,5511	-2,5511
obtain	2,5577	-2,5577
voc	2,5639	-2,5639
type	2,565	-2,565
metropolitan	2,5716	-2,5716
problem	2,5737	-2,5737
set	2,5764	-2,5764
numerically	2,5959	-2,5959
hand	2,6049	-2,6049
realistic	2,6059	-2,6059
coincide	2,6068	-2,6068
allowable	2,6068	-2,6068
arbitrary	2,6078	-2,6078
asymmetric	2,6202	-2,6202
block	2,6254	-2,6254
nitrogen	2,6498	-2,6498
reinforce	2,665	-2,665
percent	2,6712	-2,6712
altitude	2,6724	-2,6724
discretisation	2,6724	-2,6724
multicommodity	2,6724	-2,6724
lithuanian	2,6724	-2,6724
unscented	2,6724	-2,6724
spike	2,6724	-2,6724
spacing	2,6724	-2,6724
unsteady	2,6724	-2,6724
subspace	2,6724	-2,6724
archive	2,6956	-2,6956
ultrafine	2,6987	-2,6987
suit	2,7039	-2,7039
fee	2,7108	-2,7108
virginia	2,72	-2,72
user	2,7291	-2,7291
multilane	2,7291	-2,7291
simulate	2,7368	-2,7368
german	2,7395	-2,7395
starima	2,7445	-2,7445
biological	2,7445	-2,7445
succeed	2,7445	-2,7445
soliton	2,7535	-2,7535
covariance	2,7606	-2,7606
arc	2,7639	-2,7639
regime	2,7699	-2,7699
homogenous	2,7919	-2,7919
overview	2,8064	-2,8064
organize	2,8105	-2,8105
character	2,8218	-2,8218
specification	2,8334	-2,8334
exhaust	2,8466	-2,8466
steady	2,8519	-2,8519
nu	2,8553	-2,8553
avi	2,8553	-2,8553
separation	2,857	-2,857
planner	2,8712	-2,8712
similar	2,8802	-2,8802
phi	2,8904	-2,8904
journal	2,8904	-2,8904
vortex	2,8904	-2,8904
equilibrium	2,8962	-2,8962
plug	2,9158	-2,9158
note	2,9224	-2,9224
police	2,9224	-2,9224
exponent	2,9291	-2,9291
ozone	2,9291	-2,9291
infinite	2,9312	-2,9312
dta	2,9426	-2,9426
randomization	2,9463	-2,9463
soc	2,9578	-2,9578
axis	2,9578	-2,9578
recently	2,962	-2,962
interpretation	2,9677	-2,9677
fhwa	2,9869	-2,9869
comparison	2,9873	-2,9873
dependent	3,0053	-3,0053
conventional	3,0094	-3,0094
yang	3,0155	-3,0155
drink	3,0155	-3,0155
indiana	3,0155	-3,0155
receptor	3,0155	-3,0155
foto	3,0155	-3,0155
progression	3,0179	-3,0179
member	3,0179	-3,0179
card	3,0524	-3,0524
granular	3,0524	-3,0524
svr	3,0659	-3,0659
minute	3,0675	-3,0675
value	3,0688	-3,0688
telematics	3,1083	-3,1083
bond	3,1083	-3,1083
deck	3,1352	-3,1352
tool	3,1371	-3,1371
interface	3,1392	-3,1392
decay	3,1427	-3,1427
orient	3,1545	-3,1545
new	3,1745	-3,1745
bird	3,1813	-3,1813
corsim	3,1829	-3,1829
explain	3,1837	-3,1837
language	3,1871	-3,1871
nm	3,2115	-3,2115
concern	3,2163	-3,2163
ambient	3,2472	-3,2472
inhomogeneity	3,2568	-3,2568
carolina	3,2629	-3,2629
unsignalised	3,2629	-3,2629
moe	3,2629	-3,2629
rhine	3,2629	-3,2629
dynamic	3,313	-3,313
statistical	3,3156	-3,3156
production	3,3432	-3,3432
max	3,3498	-3,3498
elevator	3,354	-3,354
asymptotic	3,3549	-3,3549
measurement	3,355	-3,355
condensation	3,3636	-3,3636
finland	3,3636	-3,3636
ptsf	3,3661	-3,3661
general	3,3681	-3,3681
diamond	3,3746	-3,3746
circulation	3,3901	-3,3901
system	3,4196	-3,4196
knowledge	3,4244	-3,4244
analogy	3,4651	-3,4651
nucleation	3,4651	-3,4651
delta	3,4654	-3,4654
implicit	3,5031	-3,5031
free	3,5071	-3,5071
ba	3,5126	-3,5126
particulate	3,5431	-3,5431
work	3,5474	-3,5474
nonstationary	3,5612	-3,5612
meso	3,5612	-3,5612
euler	3,5612	-3,5612
circular	3,5722	-3,5722
town	3,5722	-3,5722
stay	3,5722	-3,5722
broadcast	3,582	-3,582
master	3,606	-3,606
zone	3,6171	-3,6171
mph	3,6386	-3,6386
harbor	3,6386	-3,6386
test	3,6475	-3,6475
merge	3,6638	-3,6638
daganzo	3,6758	-3,6758
roof	3,6758	-3,6758
sctm	3,6758	-3,6758
benzene	3,6873	-3,6873
nasch	3,6973	-3,6973
centre	3,6973	-3,6973
procedure	3,6987	-3,6987
application	3,7001	-3,7001
hev	3,716	-3,716
zealand	3,716	-3,716
disco	3,716	-3,716
fragility	3,716	-3,716
row	3,716	-3,716
airborne	3,7243	-3,7243
deal	3,7406	-3,7406
rbf	3,7419	-3,7419
unsafe	3,7623	-3,7623
boltzmann	3,7623	-3,7623
dimension	3,7627	-3,7627
rough	3,7757	-3,7757
multiclass	3,7898	-3,7898
expression	3,804	-3,804
l	3,8184	-3,8184
entity	3,8315	-3,8315
plateau	3,8485	-3,8485
cbd	3,8525	-3,8525
atm	3,8707	-3,8707
rehabilitation	3,8707	-3,8707
weno	3,8879	-3,8879
lax	3,9671	-3,9671
exclusion	3,9816	-3,9816
generalization	3,9816	-3,9816
responsive	3,9817	-3,9817
alarm	3,9829	-3,9829
organization	3,9851	-3,9851
leeward	4,0171	-4,0171
aerosol	4,0171	-4,0171
dilution	4,0171	-4,0171
windward	4,0171	-4,0171
disturbance	4,023	-4,023
destination	4,0281	-4,0281
individual	4,0348	-4,0348
approximate	4,0857	-4,0857
meter	4,1094	-4,1094
rh	4,1156	-4,1156
sg	4,1156	-4,1156
coagulation	4,1156	-4,1156
westphalia	4,1156	-4,1156
quickzone	4,1156	-4,1156
avcss	4,1156	-4,1156
asthma	4,1156	-4,1156
det	4,1156	-4,1156
ivhs	4,1156	-4,1156
subscriber	4,1156	-4,1156
riga	4,1156	-4,1156
dimensional	4,1232	-4,1232
function	4,1291	-4,1291
national	4,1497	-4,1497
oil	4,1641	-4,1641
phev	4,1847	-4,1847
part	4,1879	-4,1879
autobahn	4,1885	-4,1885
ns	4,1949	-4,1949
usual	4,2062	-4,2062
hub	4,2135	-4,2135
weak	4,2698	-4,2698
law	4,2743	-4,2743
theory	4,2758	-4,2758
produce	4,3158	-4,3158
closure	4,3242	-4,3242
forecast	4,3311	-4,3311
vot	4,3706	-4,3706
forecasted	4,3706	-4,3706
microscale	4,3979	-4,3979
le	4,3979	-4,3979
detail	4,3982	-4,3982
apply	4,4091	-4,4091
helbing	4,4316	-4,4316
devs	4,4316	-4,4316
line	4,4443	-4,4443
single	4,4652	-4,4652
controller	4,4853	-4,4853
minor	4,4964	-4,4964
axe	4,5271	-4,5271
aloha	4,5271	-4,5271
amplification	4,5271	-4,5271
vdr	4,5271	-4,5271
diet	4,5271	-4,5271
popfnn	4,5271	-4,5271
blank	4,5271	-4,5271
asda	4,5271	-4,5271
amsterdam	4,5322	-4,5322
dot	4,5322	-4,5322
stochastic	4,5437	-4,5437
fast	4,5587	-4,5587
report	4,6084	-4,6084
pollution	4,6128	-4,6128
kerner	4,6128	-4,6128
or	4,6206	-4,6206
recognition	4,6921	-4,6921
package	4,728	-4,728
occur	4,7416	-4,7416
modelling	4,7608	-4,7608
desire	4,7632	-4,7632
helsinki	4,7808	-4,7808
segregation	4,794	-4,794
petri	4,8236	-4,8236
outflow	4,8402	-4,8402
relaxation	4,8502	-4,8502
neuro	4,8711	-4,8711
fluctuation	4,8928	-4,8928
program	4,9088	-4,9088
mvcs	4,9387	-4,9387
nrw	4,9387	-4,9387
estimator	4,9478	-4,9478
elevate	4,9602	-4,9602
finite	4,9676	-4,9676
car	4,9759	-4,9759
bunch	5,0032	-5,0032
probability	5,068	-5,068
meteorological	5,1013	-5,1013
ca	5,1468	-5,1468
cable	5,1628	-5,1628
lifetime	5,1628	-5,1628
replacement	5,1654	-5,1654
conservation	5,2217	-5,2217
form	5,2302	-5,2302
act	5,2761	-5,2761
track	5,2834	-5,2834
disorder	5,2922	-5,2922
upgrade	5,2922	-5,2922
induce	5,3344	-5,3344
tod	5,3503	-5,3503
indoor	5,3503	-5,3503
rtis	5,3503	-5,3503
bitumen	5,3503	-5,3503
renaissance	5,3503	-5,3503
grip	5,3503	-5,3503
tfs	5,3503	-5,3503
individuality	5,3503	-5,3503
no2	5,3737	-5,3737
child	5,4858	-5,4858
rho	5,5319	-5,5319
school	5,5503	-5,5503
flux	5,5707	-5,5707
size	5,5875	-5,5875
dynamical	5,5928	-5,5928
modelled	5,6683	-5,6683
detection	5,7568	-5,7568
ddes	5,7618	-5,7618
kuwait	5,7618	-5,7618
move	5,7852	-5,7852
interchange	5,8617	-5,8617
relation	5,8933	-5,8933
nonequilibrium	5,896	-5,896
wind	5,9084	-5,9084
special	5,9311	-5,9311
poisson	5,9803	-5,9803
table	6,0427	-6,0427
parallel	6,0821	-6,0821
site	6,1102	-6,1102
spm	6,1734	-6,1734
constant	6,179	-6,179
boundary	6,1878	-6,1878
shadow	6,1946	-6,1946
programme	6,3281	-6,3281
noise	6,46	-6,46
microscopic	6,4884	-6,4884
gis	6,5085	-6,5085
code	6,5197	-6,5197
ancona	6,585	-6,585
alcohol	6,585	-6,585
automata	6,6286	-6,6286
outline	6,6774	-6,6774
phenomenon	6,7411	-6,7411
initial	6,8218	-6,8218
technique	6,8612	-6,8612
inhomogeneous	6,8845	-6,8845
rural	6,948	-6,948
vicinity	6,9743	-6,9743
gmti	6,9965	-6,9965
atis	7,0084	-7,0084
chaos	7,1259	-7,1259
processor	7,2802	-7,2802
description	7,3116	-7,3116
airflow	7,392	-7,392
wavelet	7,4198	-7,4198
hurricane	7,4263	-7,4263
gas	7,4341	-7,4341
turbulence	7,4353	-7,4353
zipper	7,5011	-7,5011
equal	7,6495	-7,6495
modular	7,7461	-7,7461
disease	7,8197	-7,8197
observe	7,9254	-7,9254
version	8,009	-8,009
stop	8,0893	-8,0893
rev	8,1381	-8,1381
kong	8,1829	-8,1829
simulator	8,2005	-8,2005
wheeze	8,2312	-8,2312
fluid	8,2576	-8,2576
monoxide	8,4055	-8,4055
quality	8,4433	-8,4433
synchronize	8,7974	-8,7974
hysteresis	8,8727	-8,8727
hong	9,0122	-9,0122
describe	9,0547	-9,0547
nagel	9,096	-9,096
schreckenberg	9,3665	-9,3665
phys	9,4714	-9,4714
traffic	9,5313	-9,5313
neural	9,5317	-9,5317
upsilon	9,8775	-9,8775
shock	9,8972	-9,8972
kinetic	9,9582	-9,9582
discrete	9,9711	-9,9711
qualitative	9,9711	-9,9711
deterministic	10,1716	-10,1716
depletion	10,7007	-10,7007
slow	10,8432	-10,8432
present	10,9403	-10,9403
walker	11,0598	-11,0598
equation	11,0893	-11,0893
dispersion	11,1153	-11,1153
assignment	11,2688	-11,2688
emotional	12,0197	-12,0197
discuss	12,1598	-12,1598
image	12,4474	-12,4474
street	12,6805	-12,6805
congest	12,6924	-12,6924
velocity	12,9483	-12,9483
air	13,3905	-13,3905
simple	13,8066	-13,8066
particle	14,4006	-14,4006
simulation	14,537	-14,537
continuum	14,8401	-14,8401
density	14,9226	-14,9226
fuzzy	15,9527	-15,9527
jam	16,0791	-16,0791
computer	16,873	-16,873
pollutant	17,084	-17,084
ahs	17,4292	-17,4292
incident	18,7917	-18,7917
flow	23,4063	-23,4063
automaton	24,6689	-24,6689
freeway	24,9983	-24,9983
ramp	25,2655	-25,2655
model	26,0762	-26,0762
highway	29,6396	-29,6396
phase	30,4794	-30,4794
cellular	30,7241	-30,7241
transition	32,9651	-32,9651
canyon	40,533	-40,533
concentration	43,2335	-43,2335
